Initialized native services in: /home/runner/.gradle/native
Initialized jansi services in: /home/runner/.gradle/native

Welcome to Gradle 8.9!

Here are the highlights of this release:
 - Enhanced Error and Warning Messages
 - IDE Integration Improvements
 - Daemon JVM Information

For more details see https://docs.gradle.org/8.9/release-notes.html

Received JVM installation metadata from '/usr/lib/jvm/temurin-17-jdk-amd64': {JAVA_HOME=/usr/lib/jvm/temurin-17-jdk-amd64, JAVA_VERSION=17.0.20.1, JAVA_VENDOR=Eclipse Adoptium, RUNTIME_NAME=OpenJDK Runtime Environment, RUNTIME_VERSION=17.0.20.1+1, VM_NAME=OpenJDK 64-Bit Server VM, VM_VERSION=17.0.20.1+1, VM_VENDOR=Eclipse Adoptium, OS_ARCH=amd64}
To honour the JVM settings for this build a single-use Daemon process will be forked. For more on this, please refer to https://docs.gradle.org/8.9/userguide/gradle_daemon.html#sec:disabling_the_daemon in the Gradle documentation.
Starting process 'Gradle build daemon'. Working directory: /home/runner/.gradle/daemon/8.9 Command: /usr/lib/jvm/temurin-17-jdk-amd64/bin/java --add-opens=java.base/java.util=ALL-UNNAMED --add-opens=java.base/java.lang=ALL-UNNAMED --add-opens=java.base/java.lang.invoke=ALL-UNNAMED --add-opens=java.prefs/java.util.prefs=ALL-UNNAMED --add-exports=jdk.compiler/com.sun.tools.javac.api=ALL-UNNAMED --add-exports=jdk.compiler/com.sun.tools.javac.util=ALL-UNNAMED --add-opens=java.base/java.nio.charset=ALL-UNNAMED --add-opens=java.base/java.net=ALL-UNNAMED --add-opens=java.base/java.util.concurrent.atomic=ALL-UNNAMED -XX:MaxMetaspaceSize=384m -XX:+HeapDumpOnOutOfMemoryError -Xms256m -Xmx512m -Dfile.encoding=UTF-8 -Duser.country -Duser.language=en -Duser.variant -cp /home/runner/work/_temp/.gradle-actions/gradle-installations/installs/gradle-8.9/lib/gradle-daemon-main-8.9.jar -javaagent:/home/runner/work/_temp/.gradle-actions/gradle-installations/installs/gradle-8.9/lib/agents/gradle-instrumentation-agent-8.9.jar org.gradle.launcher.daemon.bootstrap.GradleDaemon 8.9
Successfully started process 'Gradle build daemon'
An attempt to start the daemon took 0.981 secs.
The client will now receive all logging from the daemon (pid: 2493). The daemon log file: /home/runner/.gradle/daemon/8.9/daemon-2493.out.log
Daemon will be stopped at the end of the build 
Using 4 worker leases.
Received JVM installation metadata from '/usr/lib/jvm/temurin-17-jdk-amd64': {JAVA_HOME=/usr/lib/jvm/temurin-17-jdk-amd64, JAVA_VERSION=17.0.20.1, JAVA_VENDOR=Eclipse Adoptium, RUNTIME_NAME=OpenJDK Runtime Environment, RUNTIME_VERSION=17.0.20.1+1, VM_NAME=OpenJDK 64-Bit Server VM, VM_VERSION=17.0.20.1+1, VM_VENDOR=Eclipse Adoptium, OS_ARCH=amd64}
Watching the file system is configured to be enabled if available
Now considering [/home/runner/work/dager_hunter/dager_hunter/android] as hierarchies to watch
File system watching is active
Caching disabled for Groovy DSL script compilation (cp_init) because:
  Build cache is disabled
  Not worth caching.
Compiling initialization script '/home/runner/.gradle/init.d/gradle-actions.build-result-capture.init.gradle' using SubsetScriptTransformer.
Caching disabled for Groovy DSL script compilation (init) because:
  Build cache is disabled
  Not worth caching.
Compiling initialization script '/home/runner/.gradle/init.d/gradle-actions.build-result-capture.init.gradle' using BuildScriptTransformer.
Caching disabled for Groovy DSL script compilation (cp_dsl) because:
  Build cache is disabled
  Not worth caching.
Compiling script '/home/runner/.gradle/init.d/gradle-actions.build-result-capture-service.plugin.groovy' using SubsetScriptTransformer.
Caching disabled for Groovy DSL script compilation (dsl) because:
  Build cache is disabled
  Not worth caching.
Compiling script '/home/runner/.gradle/init.d/gradle-actions.build-result-capture-service.plugin.groovy' using BuildScriptTransformer.
Caching disabled for Groovy DSL script compilation (cp_init) because:
  Build cache is disabled
  Not worth caching.
Compiling initialization script '/home/runner/.gradle/init.d/gradle-actions.github-dependency-graph.init.gradle' using SubsetScriptTransformer.
Caching disabled for Groovy DSL script compilation (init) because:
  Build cache is disabled
  Not worth caching.
Compiling initialization script '/home/runner/.gradle/init.d/gradle-actions.github-dependency-graph.init.gradle' using BuildScriptTransformer.
Caching disabled for Groovy DSL script compilation (cp_init) because:
  Build cache is disabled
  Not worth caching.
Compiling initialization script '/home/runner/.gradle/init.d/gradle-actions.inject-develocity.init.gradle' using SubsetScriptTransformer.
Caching disabled for Groovy DSL script compilation (init) because:
  Build cache is disabled
  Not worth caching.
Compiling initialization script '/home/runner/.gradle/init.d/gradle-actions.inject-develocity.init.gradle' using BuildScriptTransformer.
Starting Build
Caching disabled for Groovy DSL script compilation (cp_settings) because:
  Build cache is disabled
  Not worth caching.
Compiling settings file '/home/runner/work/dager_hunter/dager_hunter/android/settings.gradle' using SubsetScriptTransformer.
Caching disabled for Groovy DSL script compilation (settings) because:
  Build cache is disabled
  Not worth caching.
Compiling settings file '/home/runner/work/dager_hunter/dager_hunter/android/settings.gradle' using BuildScriptTransformer.
Settings evaluated using settings file '/home/runner/work/dager_hunter/dager_hunter/android/settings.gradle'.
Projects loaded. Root project using build file '/home/runner/work/dager_hunter/dager_hunter/android/build.gradle'.
Included projects: [root project 'DagerHunterAndroid', project ':app']

> Configure project :
Evaluating root project 'DagerHunterAndroid' using build file '/home/runner/work/dager_hunter/dager_hunter/android/build.gradle'.
Caching disabled for Groovy DSL script compilation (cp_proj) because:
  Build cache is disabled
  Not worth caching.
Compiling build file '/home/runner/work/dager_hunter/dager_hunter/android/build.gradle' using SubsetScriptTransformer.
Downloading https://dl.google.com/dl/android/maven2/com/android/application/com.android.application.gradle.plugin/8.7.3/com.android.application.gradle.plugin-8.7.3.pom to /home/runner/.gradle/.tmp/gradle_download1898292491872492142bin
Resource missing. [HTTP HEAD: https://dl.google.com/dl/android/maven2/com/android/application/com.android.application.gradle.plugin/8.7.3/com.android.application.gradle.plugin-8.7.3.jar]
Downloading https://dl.google.com/dl/android/maven2/com/android/tools/build/gradle/8.7.3/gradle-8.7.3.pom to /home/runner/.gradle/.tmp/gradle_download17503549782065892584bin
Downloading https://dl.google.com/dl/android/maven2/com/android/tools/build/gradle/8.7.3/gradle-8.7.3.module to /home/runner/.gradle/.tmp/gradle_download10006592008276175684bin
Downloading https://dl.google.com/dl/android/maven2/com/android/tools/sdk-common/31.7.3/sdk-common-31.7.3.pom to /home/runner/.gradle/.tmp/gradle_download11920377317359686573bin
Downloading https://dl.google.com/dl/android/maven2/com/android/tools/repository/31.7.3/repository-31.7.3.pom to /home/runner/.gradle/.tmp/gradle_download1109499362494648249bin
Downloading https://dl.google.com/dl/android/maven2/com/android/tools/build/gradle-settings-api/8.7.3/gradle-settings-api-8.7.3.pom to /home/runner/.gradle/.tmp/gradle_download435245197998169234bin
Downloading https://dl.google.com/dl/android/maven2/com/android/tools/build/aapt2-proto/8.7.3-12006047/aapt2-proto-8.7.3-12006047.pom to /home/runner/.gradle/.tmp/gradle_download8339182407461918605bin
Downloading https://dl.google.com/dl/android/maven2/com/android/tools/sdklib/31.7.3/sdklib-31.7.3.pom to /home/runner/.gradle/.tmp/gradle_download5097854525907933226bin
Downloading https://dl.google.com/dl/android/maven2/com/android/tools/build/gradle-settings-api/8.7.3/gradle-settings-api-8.7.3.module to /home/runner/.gradle/.tmp/gradle_download4154838634678929675bin
Downloading https://dl.google.com/dl/android/maven2/com/android/tools/ddms/ddmlib/31.7.3/ddmlib-31.7.3.pom to /home/runner/.gradle/.tmp/gradle_download5466856308936018123bin
Downloading https://dl.google.com/dl/android/maven2/com/android/tools/build/aapt2-proto/8.7.3-12006047/aapt2-proto-8.7.3-12006047.module to /home/runner/.gradle/.tmp/gradle_download3267738680307392575bin
Downloading https://dl.google.com/dl/android/maven2/com/android/tools/build/aaptcompiler/8.7.3/aaptcompiler-8.7.3.pom to /home/runner/.gradle/.tmp/gradle_download8562104286364279073bin
Downloading https://dl.google.com/dl/android/maven2/com/android/tools/analytics-library/shared/31.7.3/shared-31.7.3.pom to /home/runner/.gradle/.tmp/gradle_download154749241194489012bin
Downloading https://dl.google.com/dl/android/maven2/com/android/tools/analytics-library/crash/31.7.3/crash-31.7.3.pom to /home/runner/.gradle/.tmp/gradle_download14818414979384644290bin
Downloading https://dl.google.com/dl/android/maven2/com/android/tools/lint/lint-model/31.7.3/lint-model-31.7.3.pom to /home/runner/.gradle/.tmp/gradle_download5239556559500387444bin
Downloading https://dl.google.com/dl/android/maven2/com/android/tools/lint/lint-typedef-remover/31.7.3/lint-typedef-remover-31.7.3.pom to /home/runner/.gradle/.tmp/gradle_download3055682641583719240bin
Downloading https://dl.google.com/dl/android/maven2/androidx/databinding/databinding-compiler-common/8.7.3/databinding-compiler-common-8.7.3.pom to /home/runner/.gradle/.tmp/gradle_download7400495743767262748bin
Downloading https://dl.google.com/dl/android/maven2/androidx/databinding/databinding-common/8.7.3/databinding-common-8.7.3.pom to /home/runner/.gradle/.tmp/gradle_download16312618534252380445bin
Downloading https://dl.google.com/dl/android/maven2/com/android/databinding/baseLibrary/8.7.3/baseLibrary-8.7.3.pom to /home/runner/.gradle/.tmp/gradle_download7059560266015156617bin
Downloading https://dl.google.com/dl/android/maven2/com/android/tools/build/aaptcompiler/8.7.3/aaptcompiler-8.7.3.module to /home/runner/.gradle/.tmp/gradle_download16679741036213540349bin
Downloading https://dl.google.com/dl/android/maven2/com/android/tools/build/builder-test-api/8.7.3/builder-test-api-8.7.3.pom to /home/runner/.gradle/.tmp/gradle_download4146420254182675728bin
Downloading https://dl.google.com/dl/android/maven2/com/android/tools/layoutlib/layoutlib-api/31.7.3/layoutlib-api-31.7.3.pom to /home/runner/.gradle/.tmp/gradle_download4276205056511257885bin
Downloading https://dl.google.com/dl/android/maven2/com/android/tools/utp/android-device-provider-gradle-proto/31.7.3/android-device-provider-gradle-proto-31.7.3.pom to /home/runner/.gradle/.tmp/gradle_download11170873759853245531bin
Downloading https://dl.google.com/dl/android/maven2/com/android/tools/utp/android-device-provider-ddmlib-proto/31.7.3/android-device-provider-ddmlib-proto-31.7.3.pom to /home/runner/.gradle/.tmp/gradle_download18164260205565814661bin
Downloading https://dl.google.com/dl/android/maven2/com/android/tools/build/builder-test-api/8.7.3/builder-test-api-8.7.3.module to /home/runner/.gradle/.tmp/gradle_download6549971661795510880bin
Downloading https://dl.google.com/dl/android/maven2/com/android/tools/utp/android-device-provider-profile-proto/31.7.3/android-device-provider-profile-proto-31.7.3.pom to /home/runner/.gradle/.tmp/gradle_download15872221360802182366bin
Downloading https://dl.google.com/dl/android/maven2/com/android/tools/utp/android-test-plugin-host-additional-test-output-proto/31.7.3/android-test-plugin-host-additional-test-output-proto-31.7.3.pom to /home/runner/.gradle/.tmp/gradle_download12498523026608107396bin
Downloading https://dl.google.com/dl/android/maven2/com/android/tools/utp/android-test-plugin-host-coverage-proto/31.7.3/android-test-plugin-host-coverage-proto-31.7.3.pom to /home/runner/.gradle/.tmp/gradle_download9228969647778836317bin
Downloading https://dl.google.com/dl/android/maven2/com/android/tools/utp/android-test-plugin-host-emulator-control-proto/31.7.3/android-test-plugin-host-emulator-control-proto-31.7.3.pom to /home/runner/.gradle/.tmp/gradle_download3111287178636510336bin
Downloading https://dl.google.com/dl/android/maven2/com/android/tools/utp/android-test-plugin-host-logcat-proto/31.7.3/android-test-plugin-host-logcat-proto-31.7.3.pom to /home/runner/.gradle/.tmp/gradle_download12442231101446050409bin
Downloading https://dl.google.com/dl/android/maven2/com/android/tools/utp/android-test-plugin-host-retention-proto/31.7.3/android-test-plugin-host-retention-proto-31.7.3.pom to /home/runner/.gradle/.tmp/gradle_download4648880253727044074bin
Downloading https://dl.google.com/dl/android/maven2/com/android/tools/utp/android-test-plugin-result-listener-gradle-proto/31.7.3/android-test-plugin-result-listener-gradle-proto-31.7.3.pom to /home/runner/.gradle/.tmp/gradle_download18248648797093632056bin
Downloading https://dl.google.com/dl/android/maven2/com/android/tools/utp/android-test-plugin-host-apk-installer-proto/31.7.3/android-test-plugin-host-apk-installer-proto-31.7.3.pom to /home/runner/.gradle/.tmp/gradle_download4792256459630437069bin
Downloading https://dl.google.com/dl/android/maven2/com/android/tools/build/transform-api/2.0.0-deprecated-use-gradle-api/transform-api-2.0.0-deprecated-use-gradle-api.pom to /home/runner/.gradle/.tmp/gradle_download15949047121608711604bin
Resource missing. [HTTP GET: https://dl.google.com/dl/android/maven2/org/jetbrains/kotlin/kotlin-stdlib-jdk8/1.9.20/kotlin-stdlib-jdk8-1.9.20.pom]
Resource missing. [HTTP GET: https://dl.google.com/dl/android/maven2/org/apache/httpcomponents/httpmime/4.5.6/httpmime-4.5.6.pom]
Resource missing. [HTTP GET: https://dl.google.com/dl/android/maven2/commons-io/commons-io/2.13.0/commons-io-2.13.0.pom]
Resource missing. [HTTP GET: https://dl.google.com/dl/android/maven2/org/ow2/asm/asm/9.6/asm-9.6.pom]
Downloading https://repo.maven.apache.org/maven2/org/apache/httpcomponents/httpmime/4.5.6/httpmime-4.5.6.pom to /home/runner/.gradle/.tmp/gradle_download8577673447672148384bin
Downloading https://repo.maven.apache.org/maven2/org/jetbrains/kotlin/kotlin-stdlib-jdk8/1.9.20/kotlin-stdlib-jdk8-1.9.20.pom to /home/runner/.gradle/.tmp/gradle_download4412989229142829329bin
Downloading https://repo.maven.apache.org/maven2/commons-io/commons-io/2.13.0/commons-io-2.13.0.pom to /home/runner/.gradle/.tmp/gradle_download17663334166551041763bin
Resource missing. [HTTP GET: https://dl.google.com/dl/android/maven2/org/apache/httpcomponents/httpcomponents-client/4.5.6/httpcomponents-client-4.5.6.pom]
Resource missing. [HTTP GET: https://dl.google.com/dl/android/maven2/org/ow2/asm/asm-analysis/9.6/asm-analysis-9.6.pom]
Downloading https://repo.maven.apache.org/maven2/org/ow2/asm/asm/9.6/asm-9.6.pom to /home/runner/.gradle/.tmp/gradle_download13520957234403132578bin
Resource missing. [HTTP GET: https://dl.google.com/dl/android/maven2/org/apache/commons/commons-parent/58/commons-parent-58.pom]
Downloading https://repo.maven.apache.org/maven2/org/apache/httpcomponents/httpcomponents-client/4.5.6/httpcomponents-client-4.5.6.pom to /home/runner/.gradle/.tmp/gradle_download11651177722568821022bin
Downloading https://repo.maven.apache.org/maven2/org/ow2/asm/asm-analysis/9.6/asm-analysis-9.6.pom to /home/runner/.gradle/.tmp/gradle_download7087957492764126088bin
Downloading https://repo.maven.apache.org/maven2/org/apache/commons/commons-parent/58/commons-parent-58.pom to /home/runner/.gradle/.tmp/gradle_download3575846733445934839bin
Resource missing. [HTTP GET: https://dl.google.com/dl/android/maven2/org/apache/httpcomponents/httpcomponents-parent/10/httpcomponents-parent-10.pom]
Resource missing. [HTTP GET: https://dl.google.com/dl/android/maven2/org/apache/apache/29/apache-29.pom]
Resource missing. [HTTP GET: https://dl.google.com/dl/android/maven2/org/ow2/ow2/1.5.1/ow2-1.5.1.pom]
Downloading https://repo.maven.apache.org/maven2/org/apache/httpcomponents/httpcomponents-parent/10/httpcomponents-parent-10.pom to /home/runner/.gradle/.tmp/gradle_download17460854151761488636bin
Downloading https://repo.maven.apache.org/maven2/org/apache/apache/29/apache-29.pom to /home/runner/.gradle/.tmp/gradle_download3878696540263843900bin
Downloading https://repo.maven.apache.org/maven2/org/ow2/ow2/1.5.1/ow2-1.5.1.pom to /home/runner/.gradle/.tmp/gradle_download1999036452871646107bin
Resource missing. [HTTP GET: https://dl.google.com/dl/android/maven2/org/apache/apache/18/apache-18.pom]
Resource missing. [HTTP GET: https://dl.google.com/dl/android/maven2/org/junit/junit-bom/5.9.3/junit-bom-5.9.3.pom]
Resource missing. [HTTP GET: https://dl.google.com/dl/android/maven2/org/ow2/asm/asm-commons/9.6/asm-commons-9.6.pom]
Downloading https://repo.maven.apache.org/maven2/org/apache/apache/18/apache-18.pom to /home/runner/.gradle/.tmp/gradle_download2474180601985621132bin
Downloading https://repo.maven.apache.org/maven2/org/junit/junit-bom/5.9.3/junit-bom-5.9.3.pom to /home/runner/.gradle/.tmp/gradle_download6046160036777452109bin
Resource missing. [HTTP GET: https://dl.google.com/dl/android/maven2/org/ow2/asm/asm-util/9.6/asm-util-9.6.pom]
Downloading https://repo.maven.apache.org/maven2/org/ow2/asm/asm-commons/9.6/asm-commons-9.6.pom to /home/runner/.gradle/.tmp/gradle_download4776816126159509557bin
Downloading https://repo.maven.apache.org/maven2/org/junit/junit-bom/5.9.3/junit-bom-5.9.3.module to /home/runner/.gradle/.tmp/gradle_download2763275155409679445bin
Downloading https://repo.maven.apache.org/maven2/org/ow2/asm/asm-util/9.6/asm-util-9.6.pom to /home/runner/.gradle/.tmp/gradle_download2008937427833149760bin
Resource missing. [HTTP GET: https://dl.google.com/dl/android/maven2/org/bouncycastle/bcpkix-jdk18on/1.77/bcpkix-jdk18on-1.77.pom]
Resource missing. [HTTP GET: https://dl.google.com/dl/android/maven2/org/glassfish/jaxb/jaxb-runtime/2.3.2/jaxb-runtime-2.3.2.pom]
Resource missing. [HTTP GET: https://dl.google.com/dl/android/maven2/net/sf/jopt-simple/jopt-simple/4.9/jopt-simple-4.9.pom]
Downloading https://dl.google.com/dl/android/maven2/com/android/tools/build/bundletool/1.17.1/bundletool-1.17.1.pom to /home/runner/.gradle/.tmp/gradle_download11724848275046299925bin
Downloading https://repo.maven.apache.org/maven2/org/bouncycastle/bcpkix-jdk18on/1.77/bcpkix-jdk18on-1.77.pom to /home/runner/.gradle/.tmp/gradle_download13619661437419595924bin
Downloading https://repo.maven.apache.org/maven2/org/glassfish/jaxb/jaxb-runtime/2.3.2/jaxb-runtime-2.3.2.pom to /home/runner/.gradle/.tmp/gradle_download11581589365849494396bin
Downloading https://repo.maven.apache.org/maven2/net/sf/jopt-simple/jopt-simple/4.9/jopt-simple-4.9.pom to /home/runner/.gradle/.tmp/gradle_download2491578909393159169bin
Downloading https://dl.google.com/dl/android/maven2/com/android/tools/build/jetifier/jetifier-processor/1.0.0-beta10/jetifier-processor-1.0.0-beta10.pom to /home/runner/.gradle/.tmp/gradle_download4071376199127733538bin
Downloading https://dl.google.com/dl/android/maven2/com/android/tools/build/jetifier/jetifier-core/1.0.0-beta10/jetifier-core-1.0.0-beta10.pom to /home/runner/.gradle/.tmp/gradle_download7280884849745260194bin
Resource missing. [HTTP GET: https://dl.google.com/dl/android/maven2/com/sun/xml/bind/mvn/jaxb-runtime-parent/2.3.2/jaxb-runtime-parent-2.3.2.pom]
Resource missing. [HTTP GET: https://dl.google.com/dl/android/maven2/org/sonatype/oss/oss-parent/7/oss-parent-7.pom]
Downloading https://dl.google.com/dl/android/maven2/com/android/tools/build/jetifier/jetifier-processor/1.0.0-beta10/jetifier-processor-1.0.0-beta10.module to /home/runner/.gradle/.tmp/gradle_download14155527205552131335bin
Downloading https://repo.maven.apache.org/maven2/com/sun/xml/bind/mvn/jaxb-runtime-parent/2.3.2/jaxb-runtime-parent-2.3.2.pom to /home/runner/.gradle/.tmp/gradle_download7786132779029131666bin
Downloading https://dl.google.com/dl/android/maven2/com/android/tools/build/jetifier/jetifier-core/1.0.0-beta10/jetifier-core-1.0.0-beta10.module to /home/runner/.gradle/.tmp/gradle_download2823532929397694686bin
Downloading https://repo.maven.apache.org/maven2/org/sonatype/oss/oss-parent/7/oss-parent-7.pom to /home/runner/.gradle/.tmp/gradle_download18264719963675067397bin
Resource missing. [HTTP GET: https://dl.google.com/dl/android/maven2/com/squareup/javapoet/1.10.0/javapoet-1.10.0.pom]
Resource missing. [HTTP GET: https://dl.google.com/dl/android/maven2/com/sun/xml/bind/mvn/jaxb-parent/2.3.2/jaxb-parent-2.3.2.pom]
Resource missing. [HTTP GET: https://dl.google.com/dl/android/maven2/com/google/protobuf/protobuf-java/3.22.3/protobuf-java-3.22.3.pom]
Resource missing. [HTTP GET: https://dl.google.com/dl/android/maven2/com/google/protobuf/protobuf-java-util/3.22.3/protobuf-java-util-3.22.3.pom]
Downloading https://repo.maven.apache.org/maven2/com/sun/xml/bind/mvn/jaxb-parent/2.3.2/jaxb-parent-2.3.2.pom to /home/runner/.gradle/.tmp/gradle_download1612731231732721879bin
Downloading https://repo.maven.apache.org/maven2/com/squareup/javapoet/1.10.0/javapoet-1.10.0.pom to /home/runner/.gradle/.tmp/gradle_download16575185736402259659bin
Downloading https://repo.maven.apache.org/maven2/com/google/protobuf/protobuf-java/3.22.3/protobuf-java-3.22.3.pom to /home/runner/.gradle/.tmp/gradle_download586231984366580865bin
Downloading https://repo.maven.apache.org/maven2/com/google/protobuf/protobuf-java-util/3.22.3/protobuf-java-util-3.22.3.pom to /home/runner/.gradle/.tmp/gradle_download11584825103038390446bin
Resource missing. [HTTP GET: https://dl.google.com/dl/android/maven2/com/sun/xml/bind/jaxb-bom-ext/2.3.2/jaxb-bom-ext-2.3.2.pom]
Resource missing. [HTTP GET: https://dl.google.com/dl/android/maven2/com/google/code/gson/gson/2.10.1/gson-2.10.1.pom]
Resource missing. [HTTP GET: https://dl.google.com/dl/android/maven2/com/google/protobuf/protobuf-parent/3.22.3/protobuf-parent-3.22.3.pom]
Downloading https://repo.maven.apache.org/maven2/com/sun/xml/bind/jaxb-bom-ext/2.3.2/jaxb-bom-ext-2.3.2.pom to /home/runner/.gradle/.tmp/gradle_download6709605667032350315bin
Downloading https://repo.maven.apache.org/maven2/com/google/protobuf/protobuf-parent/3.22.3/protobuf-parent-3.22.3.pom to /home/runner/.gradle/.tmp/gradle_download11334423133888557518bin
Downloading https://repo.maven.apache.org/maven2/com/google/code/gson/gson/2.10.1/gson-2.10.1.pom to /home/runner/.gradle/.tmp/gradle_download5381776392143732055bin
Resource missing. [HTTP GET: https://dl.google.com/dl/android/maven2/org/glassfish/jaxb/jaxb-bom/2.3.2/jaxb-bom-2.3.2.pom]
Resource missing. [HTTP GET: https://dl.google.com/dl/android/maven2/com/google/code/gson/gson-parent/2.10.1/gson-parent-2.10.1.pom]
Resource missing. [HTTP GET: https://dl.google.com/dl/android/maven2/com/google/protobuf/protobuf-bom/3.22.3/protobuf-bom-3.22.3.pom]
Downloading https://repo.maven.apache.org/maven2/org/glassfish/jaxb/jaxb-bom/2.3.2/jaxb-bom-2.3.2.pom to /home/runner/.gradle/.tmp/gradle_download3797310182523883444bin
Downloading https://repo.maven.apache.org/maven2/com/google/code/gson/gson-parent/2.10.1/gson-parent-2.10.1.pom to /home/runner/.gradle/.tmp/gradle_download2726892492438855644bin
Downloading https://repo.maven.apache.org/maven2/com/google/protobuf/protobuf-bom/3.22.3/protobuf-bom-3.22.3.pom to /home/runner/.gradle/.tmp/gradle_download15033352903353957107bin
Resource missing. [HTTP GET: https://dl.google.com/dl/android/maven2/org/eclipse/ee4j/project/1.0.5/project-1.0.5.pom]
Resource missing. [HTTP GET: https://dl.google.com/dl/android/maven2/io/grpc/grpc-core/1.57.0/grpc-core-1.57.0.pom]
Resource missing. [HTTP GET: https://dl.google.com/dl/android/maven2/io/grpc/grpc-netty/1.57.0/grpc-netty-1.57.0.pom]
Resource missing. [HTTP GET: https://dl.google.com/dl/android/maven2/io/grpc/grpc-protobuf/1.57.0/grpc-protobuf-1.57.0.pom]
Downloading https://repo.maven.apache.org/maven2/org/eclipse/ee4j/project/1.0.5/project-1.0.5.pom to /home/runner/.gradle/.tmp/gradle_download3668876683175826512bin
Downloading https://repo.maven.apache.org/maven2/io/grpc/grpc-protobuf/1.57.0/grpc-protobuf-1.57.0.pom to /home/runner/.gradle/.tmp/gradle_download15521124547507271198bin
Downloading https://repo.maven.apache.org/maven2/io/grpc/grpc-core/1.57.0/grpc-core-1.57.0.pom to /home/runner/.gradle/.tmp/gradle_download4784330727195493320bin
Downloading https://repo.maven.apache.org/maven2/io/grpc/grpc-netty/1.57.0/grpc-netty-1.57.0.pom to /home/runner/.gradle/.tmp/gradle_download1178937955119451086bin
Resource missing. [HTTP GET: https://dl.google.com/dl/android/maven2/io/grpc/grpc-stub/1.57.0/grpc-stub-1.57.0.pom]
Downloading https://dl.google.com/dl/android/maven2/com/google/testing/platform/core-proto/0.0.9-alpha02/core-proto-0.0.9-alpha02.pom to /home/runner/.gradle/.tmp/gradle_download6563996965671398871bin
Resource missing. [HTTP GET: https://dl.google.com/dl/android/maven2/com/google/crypto/tink/tink/1.7.0/tink-1.7.0.pom]
Resource missing. [HTTP GET: https://dl.google.com/dl/android/maven2/com/google/flatbuffers/flatbuffers-java/1.12.0/flatbuffers-java-1.12.0.pom]
Downloading https://repo.maven.apache.org/maven2/io/grpc/grpc-stub/1.57.0/grpc-stub-1.57.0.pom to /home/runner/.gradle/.tmp/gradle_download3006229255599022668bin
Resource missing. [HTTP GET: https://dl.google.com/dl/android/maven2/org/tensorflow/tensorflow-lite-metadata/0.1.0-rc2/tensorflow-lite-metadata-0.1.0-rc2.pom]
Downloading https://repo.maven.apache.org/maven2/com/google/crypto/tink/tink/1.7.0/tink-1.7.0.pom to /home/runner/.gradle/.tmp/gradle_download6166364850873315226bin
Downloading https://repo.maven.apache.org/maven2/com/google/flatbuffers/flatbuffers-java/1.12.0/flatbuffers-java-1.12.0.pom to /home/runner/.gradle/.tmp/gradle_download15825225012406074421bin
Downloading https://dl.google.com/dl/android/maven2/com/android/tools/build/builder/8.7.3/builder-8.7.3.pom to /home/runner/.gradle/.tmp/gradle_download11067706551918132634bin
Downloading https://repo.maven.apache.org/maven2/org/tensorflow/tensorflow-lite-metadata/0.1.0-rc2/tensorflow-lite-metadata-0.1.0-rc2.pom to /home/runner/.gradle/.tmp/gradle_download12448921580707215952bin
Downloading https://dl.google.com/dl/android/maven2/com/android/tools/build/builder-model/8.7.3/builder-model-8.7.3.pom to /home/runner/.gradle/.tmp/gradle_download16368829448787478551bin
Downloading https://dl.google.com/dl/android/maven2/com/android/tools/build/gradle-api/8.7.3/gradle-api-8.7.3.pom to /home/runner/.gradle/.tmp/gradle_download17013145160523350034bin
Downloading https://dl.google.com/dl/android/maven2/com/android/tools/build/builder-model/8.7.3/builder-model-8.7.3.module to /home/runner/.gradle/.tmp/gradle_download3258887913151677063bin
Downloading https://dl.google.com/dl/android/maven2/com/android/tools/build/builder/8.7.3/builder-8.7.3.module to /home/runner/.gradle/.tmp/gradle_download3999366516711645058bin
Downloading https://dl.google.com/dl/android/maven2/com/android/tools/build/gradle-api/8.7.3/gradle-api-8.7.3.module to /home/runner/.gradle/.tmp/gradle_download1522390923275875507bin
Resource missing. [HTTP GET: https://dl.google.com/dl/android/maven2/com/google/guava/guava/32.0.1-jre/guava-32.0.1-jre.pom]
Resource missing. [HTTP GET: https://dl.google.com/dl/android/maven2/net/sf/kxml/kxml2/2.3.0/kxml2-2.3.0.pom]
Downloading https://dl.google.com/dl/android/maven2/com/android/tools/common/31.7.3/common-31.7.3.pom to /home/runner/.gradle/.tmp/gradle_download7019587311047869115bin
Resource missing. [HTTP GET: https://dl.google.com/dl/android/maven2/javax/inject/javax.inject/1/javax.inject-1.pom]
Downloading https://repo.maven.apache.org/maven2/net/sf/kxml/kxml2/2.3.0/kxml2-2.3.0.pom to /home/runner/.gradle/.tmp/gradle_download7288764204118472402bin
Downloading https://repo.maven.apache.org/maven2/com/google/guava/guava/32.0.1-jre/guava-32.0.1-jre.pom to /home/runner/.gradle/.tmp/gradle_download6436551917576776583bin
Downloading https://repo.maven.apache.org/maven2/javax/inject/javax.inject/1/javax.inject-1.pom to /home/runner/.gradle/.tmp/gradle_download4673385108938572361bin
Resource missing. [HTTP GET: https://dl.google.com/dl/android/maven2/org/bouncycastle/bcprov-jdk18on/1.77/bcprov-jdk18on-1.77.pom]
Resource missing. [HTTP GET: https://dl.google.com/dl/android/maven2/org/jetbrains/intellij/deps/trove4j/1.0.20200330/trove4j-1.0.20200330.pom]
Resource missing. [HTTP GET: https://dl.google.com/dl/android/maven2/org/jetbrains/kotlin/kotlin-reflect/1.9.20/kotlin-reflect-1.9.20.pom]
Downloading https://repo.maven.apache.org/maven2/org/bouncycastle/bcprov-jdk18on/1.77/bcprov-jdk18on-1.77.pom to /home/runner/.gradle/.tmp/gradle_download15598595460268465517bin
Resource missing. [HTTP GET: https://dl.google.com/dl/android/maven2/com/google/guava/guava-parent/32.0.1-jre/guava-parent-32.0.1-jre.pom]
Downloading https://repo.maven.apache.org/maven2/org/jetbrains/kotlin/kotlin-reflect/1.9.20/kotlin-reflect-1.9.20.pom to /home/runner/.gradle/.tmp/gradle_download17221267473274444687bin
Downloading https://repo.maven.apache.org/maven2/org/jetbrains/intellij/deps/trove4j/1.0.20200330/trove4j-1.0.20200330.pom to /home/runner/.gradle/.tmp/gradle_download9096592795261641872bin
Downloading https://repo.maven.apache.org/maven2/com/google/guava/guava-parent/32.0.1-jre/guava-parent-32.0.1-jre.pom to /home/runner/.gradle/.tmp/gradle_download9647581973930921594bin
Downloading https://dl.google.com/dl/android/maven2/com/android/tools/dvlib/31.7.3/dvlib-31.7.3.pom to /home/runner/.gradle/.tmp/gradle_download10434840569907580595bin
Resource missing. [HTTP GET: https://dl.google.com/dl/android/maven2/org/apache/commons/commons-compress/1.21/commons-compress-1.21.pom]
Resource missing. [HTTP GET: https://dl.google.com/dl/android/maven2/org/apache/httpcomponents/httpcore/4.4.16/httpcore-4.4.16.pom]
Downloading https://repo.maven.apache.org/maven2/org/apache/commons/commons-compress/1.21/commons-compress-1.21.pom to /home/runner/.gradle/.tmp/gradle_download7664952833476881820bin
Downloading https://repo.maven.apache.org/maven2/org/apache/httpcomponents/httpcore/4.4.16/httpcore-4.4.16.pom to /home/runner/.gradle/.tmp/gradle_download5552735582997624285bin
Resource missing. [HTTP GET: https://dl.google.com/dl/android/maven2/org/apache/httpcomponents/httpcomponents-core/4.4.16/httpcomponents-core-4.4.16.pom]
Resource missing. [HTTP GET: https://dl.google.com/dl/android/maven2/org/apache/commons/commons-parent/52/commons-parent-52.pom]
Downloading https://repo.maven.apache.org/maven2/org/apache/httpcomponents/httpcomponents-core/4.4.16/httpcomponents-core-4.4.16.pom to /home/runner/.gradle/.tmp/gradle_download7868013380224203998bin
Downloading https://repo.maven.apache.org/maven2/org/apache/commons/commons-parent/52/commons-parent-52.pom to /home/runner/.gradle/.tmp/gradle_download8255208936771180933bin
Resource missing. [HTTP GET: https://dl.google.com/dl/android/maven2/org/apache/httpcomponents/httpcomponents-parent/11/httpcomponents-parent-11.pom]
Resource missing. [HTTP GET: https://dl.google.com/dl/android/maven2/org/apache/apache/23/apache-23.pom]
Downloading https://repo.maven.apache.org/maven2/org/apache/httpcomponents/httpcomponents-parent/11/httpcomponents-parent-11.pom to /home/runner/.gradle/.tmp/gradle_download2094633167975191543bin
Downloading https://repo.maven.apache.org/maven2/org/apache/apache/23/apache-23.pom to /home/runner/.gradle/.tmp/gradle_download73941409553132928bin
Resource missing. [HTTP GET: https://dl.google.com/dl/android/maven2/org/apache/apache/21/apache-21.pom]
Downloading https://repo.maven.apache.org/maven2/org/apache/apache/21/apache-21.pom to /home/runner/.gradle/.tmp/gradle_download13738876249521264087bin
Resource missing. [HTTP GET: https://dl.google.com/dl/android/maven2/com/google/jimfs/jimfs/1.1/jimfs-1.1.pom]
Resource missing. [HTTP GET: https://dl.google.com/dl/android/maven2/com/sun/activation/javax.activation/1.2.0/javax.activation-1.2.0.pom]
Downloading https://repo.maven.apache.org/maven2/com/google/jimfs/jimfs/1.1/jimfs-1.1.pom to /home/runner/.gradle/.tmp/gradle_download8446490252010861716bin
Downloading https://repo.maven.apache.org/maven2/com/sun/activation/javax.activation/1.2.0/javax.activation-1.2.0.pom to /home/runner/.gradle/.tmp/gradle_download17841179843410270882bin
Resource missing. [HTTP GET: https://dl.google.com/dl/android/maven2/com/sun/activation/all/1.2.0/all-1.2.0.pom]
Resource missing. [HTTP GET: https://dl.google.com/dl/android/maven2/com/google/jimfs/jimfs-parent/1.1/jimfs-parent-1.1.pom]
Downloading https://repo.maven.apache.org/maven2/com/google/jimfs/jimfs-parent/1.1/jimfs-parent-1.1.pom to /home/runner/.gradle/.tmp/gradle_download6106081861387279247bin
Downloading https://repo.maven.apache.org/maven2/com/sun/activation/all/1.2.0/all-1.2.0.pom to /home/runner/.gradle/.tmp/gradle_download7831256517605513083bin
Resource missing. [HTTP GET: https://dl.google.com/dl/android/maven2/net/java/jvnet-parent/1/jvnet-parent-1.pom]
Downloading https://repo.maven.apache.org/maven2/net/java/jvnet-parent/1/jvnet-parent-1.pom to /home/runner/.gradle/.tmp/gradle_download7261269793723185192bin
Resource missing. [HTTP GET: https://dl.google.com/dl/android/maven2/org/jetbrains/annotations/23.0.0/annotations-23.0.0.pom]
Downloading https://repo.maven.apache.org/maven2/org/jetbrains/annotations/23.0.0/annotations-23.0.0.pom to /home/runner/.gradle/.tmp/gradle_download17008098967772566254bin
Downloading https://dl.google.com/dl/android/maven2/com/android/tools/annotations/31.7.3/annotations-31.7.3.pom to /home/runner/.gradle/.tmp/gradle_download9128321171685976422bin
Resource missing. [HTTP GET: https://dl.google.com/dl/android/maven2/org/apache/httpcomponents/httpclient/4.5.14/httpclient-4.5.14.pom]
Downloading https://repo.maven.apache.org/maven2/org/apache/httpcomponents/httpclient/4.5.14/httpclient-4.5.14.pom to /home/runner/.gradle/.tmp/gradle_download14904599730584419703bin
Resource missing. [HTTP GET: https://dl.google.com/dl/android/maven2/org/apache/httpcomponents/httpcomponents-client/4.5.14/httpcomponents-client-4.5.14.pom]
Downloading https://repo.maven.apache.org/maven2/org/apache/httpcomponents/httpcomponents-client/4.5.14/httpcomponents-client-4.5.14.pom to /home/runner/.gradle/.tmp/gradle_download9330870757920595520bin
Resource missing. [HTTP GET: https://dl.google.com/dl/android/maven2/net/java/dev/jna/jna-platform/5.6.0/jna-platform-5.6.0.pom]
Downloading https://dl.google.com/dl/android/maven2/com/android/tools/analytics-library/protos/31.7.3/protos-31.7.3.pom to /home/runner/.gradle/.tmp/gradle_download1653060330166846819bin
Downloading https://repo.maven.apache.org/maven2/net/java/dev/jna/jna-platform/5.6.0/jna-platform-5.6.0.pom to /home/runner/.gradle/.tmp/gradle_download7043646082326310801bin
Resource missing. [HTTP GET: https://dl.google.com/dl/android/maven2/com/googlecode/juniversalchardet/juniversalchardet/1.0.3/juniversalchardet-1.0.3.pom]
Downloading https://repo.maven.apache.org/maven2/com/googlecode/juniversalchardet/juniversalchardet/1.0.3/juniversalchardet-1.0.3.pom to /home/runner/.gradle/.tmp/gradle_download1388219505187893215bin
Resource missing. [HTTP GET: https://dl.google.com/dl/android/maven2/javax/annotation/javax.annotation-api/1.3.2/javax.annotation-api-1.3.2.pom]
Downloading https://repo.maven.apache.org/maven2/javax/annotation/javax.annotation-api/1.3.2/javax.annotation-api-1.3.2.pom to /home/runner/.gradle/.tmp/gradle_download5029335912708061440bin
Resource missing. [HTTP GET: https://dl.google.com/dl/android/maven2/net/java/jvnet-parent/3/jvnet-parent-3.pom]
Downloading https://repo.maven.apache.org/maven2/net/java/jvnet-parent/3/jvnet-parent-3.pom to /home/runner/.gradle/.tmp/gradle_download7445836465345395038bin
Resource missing. [HTTP GET: https://dl.google.com/dl/android/maven2/org/jetbrains/kotlin/kotlin-stdlib-jdk7/1.9.20/kotlin-stdlib-jdk7-1.9.20.pom]
Resource missing. [HTTP GET: https://dl.google.com/dl/android/maven2/org/jetbrains/kotlin/kotlin-stdlib/1.9.20/kotlin-stdlib-1.9.20.pom]
Downloading https://repo.maven.apache.org/maven2/org/jetbrains/kotlin/kotlin-stdlib-jdk7/1.9.20/kotlin-stdlib-jdk7-1.9.20.pom to /home/runner/.gradle/.tmp/gradle_download13839097104287417422bin
Downloading https://repo.maven.apache.org/maven2/org/jetbrains/kotlin/kotlin-stdlib/1.9.20/kotlin-stdlib-1.9.20.pom to /home/runner/.gradle/.tmp/gradle_download15219609830721610008bin
Downloading https://repo.maven.apache.org/maven2/org/jetbrains/kotlin/kotlin-stdlib/1.9.20/kotlin-stdlib-1.9.20.module to /home/runner/.gradle/.tmp/gradle_download2458377111424890628bin
Resource missing. [HTTP GET: https://dl.google.com/dl/android/maven2/org/ow2/asm/asm-tree/9.6/asm-tree-9.6.pom]
Downloading https://repo.maven.apache.org/maven2/org/ow2/asm/asm-tree/9.6/asm-tree-9.6.pom to /home/runner/.gradle/.tmp/gradle_download17439754828017438704bin
Resource missing. [HTTP GET: https://dl.google.com/dl/android/maven2/org/bouncycastle/bcutil-jdk18on/1.77/bcutil-jdk18on-1.77.pom]
Downloading https://repo.maven.apache.org/maven2/org/bouncycastle/bcutil-jdk18on/1.77/bcutil-jdk18on-1.77.pom to /home/runner/.gradle/.tmp/gradle_download6883703373160685069bin
Resource missing. [HTTP GET: https://dl.google.com/dl/android/maven2/com/sun/istack/istack-commons-runtime/3.0.8/istack-commons-runtime-3.0.8.pom]
Resource missing. [HTTP GET: https://dl.google.com/dl/android/maven2/org/glassfish/jaxb/txw2/2.3.2/txw2-2.3.2.pom]
Resource missing. [HTTP GET: https://dl.google.com/dl/android/maven2/org/jvnet/staxex/stax-ex/1.8.1/stax-ex-1.8.1.pom]
Resource missing. [HTTP GET: https://dl.google.com/dl/android/maven2/jakarta/xml/bind/jakarta.xml.bind-api/2.3.2/jakarta.xml.bind-api-2.3.2.pom]
Downloading https://repo.maven.apache.org/maven2/org/glassfish/jaxb/txw2/2.3.2/txw2-2.3.2.pom to /home/runner/.gradle/.tmp/gradle_download14592934607385398496bin
Downloading https://repo.maven.apache.org/maven2/com/sun/istack/istack-commons-runtime/3.0.8/istack-commons-runtime-3.0.8.pom to /home/runner/.gradle/.tmp/gradle_download6040950538867110212bin
Downloading https://repo.maven.apache.org/maven2/org/jvnet/staxex/stax-ex/1.8.1/stax-ex-1.8.1.pom to /home/runner/.gradle/.tmp/gradle_download14862354062608357195bin
Downloading https://repo.maven.apache.org/maven2/jakarta/xml/bind/jakarta.xml.bind-api/2.3.2/jakarta.xml.bind-api-2.3.2.pom to /home/runner/.gradle/.tmp/gradle_download7645270361721830661bin
Resource missing. [HTTP GET: https://dl.google.com/dl/android/maven2/com/sun/xml/fastinfoset/FastInfoset/1.2.16/FastInfoset-1.2.16.pom]
Resource missing. [HTTP GET: https://dl.google.com/dl/android/maven2/com/sun/istack/istack-commons/3.0.8/istack-commons-3.0.8.pom]
Resource missing. [HTTP GET: https://dl.google.com/dl/android/maven2/com/sun/xml/bind/mvn/jaxb-txw-parent/2.3.2/jaxb-txw-parent-2.3.2.pom]
Resource missing. [HTTP GET: https://dl.google.com/dl/android/maven2/jakarta/xml/bind/jakarta.xml.bind-api-parent/2.3.2/jakarta.xml.bind-api-parent-2.3.2.pom]
Downloading https://repo.maven.apache.org/maven2/com/sun/istack/istack-commons/3.0.8/istack-commons-3.0.8.pom to /home/runner/.gradle/.tmp/gradle_download9580963177923463694bin
Downloading https://repo.maven.apache.org/maven2/com/sun/xml/fastinfoset/FastInfoset/1.2.16/FastInfoset-1.2.16.pom to /home/runner/.gradle/.tmp/gradle_download10963634874044944582bin
Downloading https://repo.maven.apache.org/maven2/com/sun/xml/bind/mvn/jaxb-txw-parent/2.3.2/jaxb-txw-parent-2.3.2.pom to /home/runner/.gradle/.tmp/gradle_download1206662673067596616bin
Downloading https://repo.maven.apache.org/maven2/jakarta/xml/bind/jakarta.xml.bind-api-parent/2.3.2/jakarta.xml.bind-api-parent-2.3.2.pom to /home/runner/.gradle/.tmp/gradle_download7553778620060170487bin
Resource missing. [HTTP GET: https://dl.google.com/dl/android/maven2/com/sun/xml/fastinfoset/fastinfoset-project/1.2.16/fastinfoset-project-1.2.16.pom]
Resource missing. [HTTP GET: https://dl.google.com/dl/android/maven2/jakarta/activation/jakarta.activation-api/1.2.1/jakarta.activation-api-1.2.1.pom]
Downloading https://repo.maven.apache.org/maven2/com/sun/xml/fastinfoset/fastinfoset-project/1.2.16/fastinfoset-project-1.2.16.pom to /home/runner/.gradle/.tmp/gradle_download2985810784074029294bin
Downloading https://repo.maven.apache.org/maven2/jakarta/activation/jakarta.activation-api/1.2.1/jakarta.activation-api-1.2.1.pom to /home/runner/.gradle/.tmp/gradle_download17717348663501060553bin
Resource missing. [HTTP GET: https://dl.google.com/dl/android/maven2/com/sun/activation/all/1.2.1/all-1.2.1.pom]
Downloading https://repo.maven.apache.org/maven2/com/sun/activation/all/1.2.1/all-1.2.1.pom to /home/runner/.gradle/.tmp/gradle_download3249854678764066873bin
Resource missing. [HTTP GET: https://dl.google.com/dl/android/maven2/org/eclipse/ee4j/project/1.0.2/project-1.0.2.pom]
Downloading https://repo.maven.apache.org/maven2/org/eclipse/ee4j/project/1.0.2/project-1.0.2.pom to /home/runner/.gradle/.tmp/gradle_download10847281218416447806bin
Resource missing. [HTTP GET: https://dl.google.com/dl/android/maven2/org/bitbucket/b_c/jose4j/0.9.5/jose4j-0.9.5.pom]
Resource missing. [HTTP GET: https://dl.google.com/dl/android/maven2/com/google/errorprone/error_prone_annotations/2.3.1/error_prone_annotations-2.3.1.pom]
Resource missing. [HTTP GET: https://dl.google.com/dl/android/maven2/com/google/dagger/dagger/2.28.3/dagger-2.28.3.pom]
Resource missing. [HTTP GET: https://dl.google.com/dl/android/maven2/com/google/auto/value/auto-value-annotations/1.6.2/auto-value-annotations-1.6.2.pom]
Downloading https://repo.maven.apache.org/maven2/com/google/errorprone/error_prone_annotations/2.3.1/error_prone_annotations-2.3.1.pom to /home/runner/.gradle/.tmp/gradle_download2328876666678700686bin
Downloading https://repo.maven.apache.org/maven2/com/google/dagger/dagger/2.28.3/dagger-2.28.3.pom to /home/runner/.gradle/.tmp/gradle_download11404730087412004982bin
Downloading https://repo.maven.apache.org/maven2/com/google/auto/value/auto-value-annotations/1.6.2/auto-value-annotations-1.6.2.pom to /home/runner/.gradle/.tmp/gradle_download12153954021875167611bin
Downloading https://repo.maven.apache.org/maven2/org/bitbucket/b_c/jose4j/0.9.5/jose4j-0.9.5.pom to /home/runner/.gradle/.tmp/gradle_download4633027667395233362bin
Resource missing. [HTTP GET: https://dl.google.com/dl/android/maven2/com/google/auto/value/auto-value-parent/1.6.2/auto-value-parent-1.6.2.pom]
Resource missing. [HTTP GET: https://dl.google.com/dl/android/maven2/com/google/errorprone/error_prone_parent/2.3.1/error_prone_parent-2.3.1.pom]
Resource missing. [HTTP GET: https://dl.google.com/dl/android/maven2/org/slf4j/slf4j-api/1.7.30/slf4j-api-1.7.30.pom]
Downloading https://repo.maven.apache.org/maven2/com/google/errorprone/error_prone_parent/2.3.1/error_prone_parent-2.3.1.pom to /home/runner/.gradle/.tmp/gradle_download13337415782735567606bin
Downloading https://repo.maven.apache.org/maven2/org/slf4j/slf4j-api/1.7.30/slf4j-api-1.7.30.pom to /home/runner/.gradle/.tmp/gradle_download17100298239006106650bin
Downloading https://repo.maven.apache.org/maven2/com/google/auto/value/auto-value-parent/1.6.2/auto-value-parent-1.6.2.pom to /home/runner/.gradle/.tmp/gradle_download4312715410297021006bin
Resource missing. [HTTP GET: https://dl.google.com/dl/android/maven2/org/slf4j/slf4j-parent/1.7.30/slf4j-parent-1.7.30.pom]
Resource missing. [HTTP GET: https://dl.google.com/dl/android/maven2/com/google/auto/auto-parent/6/auto-parent-6.pom]
Downloading https://repo.maven.apache.org/maven2/com/google/auto/auto-parent/6/auto-parent-6.pom to /home/runner/.gradle/.tmp/gradle_download5296289559969215121bin
Downloading https://repo.maven.apache.org/maven2/org/slf4j/slf4j-parent/1.7.30/slf4j-parent-1.7.30.pom to /home/runner/.gradle/.tmp/gradle_download5908389911178647013bin
Resource missing. [HTTP GET: https://dl.google.com/dl/android/maven2/org/jdom/jdom2/2.0.6/jdom2-2.0.6.pom]
Downloading https://repo.maven.apache.org/maven2/org/jdom/jdom2/2.0.6/jdom2-2.0.6.pom to /home/runner/.gradle/.tmp/gradle_download2159931816579006363bin
Resource missing. [HTTP GET: https://dl.google.com/dl/android/maven2/com/google/errorprone/error_prone_annotations/2.11.0/error_prone_annotations-2.11.0.pom]
Downloading https://repo.maven.apache.org/maven2/com/google/errorprone/error_prone_annotations/2.11.0/error_prone_annotations-2.11.0.pom to /home/runner/.gradle/.tmp/gradle_download3573450713306745275bin
Resource missing. [HTTP GET: https://dl.google.com/dl/android/maven2/com/google/errorprone/error_prone_parent/2.11.0/error_prone_parent-2.11.0.pom]
Downloading https://repo.maven.apache.org/maven2/com/google/errorprone/error_prone_parent/2.11.0/error_prone_parent-2.11.0.pom to /home/runner/.gradle/.tmp/gradle_download15307560353748400659bin
Resource missing. [HTTP GET: https://dl.google.com/dl/android/maven2/com/google/j2objc/j2objc-annotations/1.3/j2objc-annotations-1.3.pom]
Resource missing. [HTTP GET: https://dl.google.com/dl/android/maven2/com/google/code/findbugs/jsr305/3.0.2/jsr305-3.0.2.pom]
Downloading https://repo.maven.apache.org/maven2/com/google/code/findbugs/jsr305/3.0.2/jsr305-3.0.2.pom to /home/runner/.gradle/.tmp/gradle_download16051719231645408130bin
Downloading https://repo.maven.apache.org/maven2/com/google/j2objc/j2objc-annotations/1.3/j2objc-annotations-1.3.pom to /home/runner/.gradle/.tmp/gradle_download16566670386431834812bin
Resource missing. [HTTP GET: https://dl.google.com/dl/android/maven2/com/google/errorprone/error_prone_annotations/2.18.0/error_prone_annotations-2.18.0.pom]
Downloading https://repo.maven.apache.org/maven2/com/google/errorprone/error_prone_annotations/2.18.0/error_prone_annotations-2.18.0.pom to /home/runner/.gradle/.tmp/gradle_download18046230711239793666bin
Resource missing. [HTTP GET: https://dl.google.com/dl/android/maven2/com/google/errorprone/error_prone_parent/2.18.0/error_prone_parent-2.18.0.pom]
Downloading https://repo.maven.apache.org/maven2/com/google/errorprone/error_prone_parent/2.18.0/error_prone_parent-2.18.0.pom to /home/runner/.gradle/.tmp/gradle_download534935121798344178bin
Resource missing. [HTTP GET: https://dl.google.com/dl/android/maven2/io/perfmark/perfmark-api/0.26.0/perfmark-api-0.26.0.pom]
Resource missing. [HTTP GET: https://dl.google.com/dl/android/maven2/io/grpc/grpc-api/1.57.0/grpc-api-1.57.0.pom]
Resource missing. [HTTP GET: https://dl.google.com/dl/android/maven2/com/google/android/annotations/4.1.1.4/annotations-4.1.1.4.pom]
Resource missing. [HTTP GET: https://dl.google.com/dl/android/maven2/org/codehaus/mojo/animal-sniffer-annotations/1.23/animal-sniffer-annotations-1.23.pom]
Downloading https://repo.maven.apache.org/maven2/io/perfmark/perfmark-api/0.26.0/perfmark-api-0.26.0.pom to /home/runner/.gradle/.tmp/gradle_download5589599632502842810bin
Downloading https://repo.maven.apache.org/maven2/com/google/android/annotations/4.1.1.4/annotations-4.1.1.4.pom to /home/runner/.gradle/.tmp/gradle_download8464126572275958144bin
Downloading https://repo.maven.apache.org/maven2/io/grpc/grpc-api/1.57.0/grpc-api-1.57.0.pom to /home/runner/.gradle/.tmp/gradle_download6508543706740781959bin
Downloading https://repo.maven.apache.org/maven2/org/codehaus/mojo/animal-sniffer-annotations/1.23/animal-sniffer-annotations-1.23.pom to /home/runner/.gradle/.tmp/gradle_download1788692301621455523bin
Downloading https://repo.maven.apache.org/maven2/io/perfmark/perfmark-api/0.26.0/perfmark-api-0.26.0.module to /home/runner/.gradle/.tmp/gradle_download4530675492820552826bin
Resource missing. [HTTP GET: https://dl.google.com/dl/android/maven2/org/codehaus/mojo/animal-sniffer-parent/1.23/animal-sniffer-parent-1.23.pom]
Resource missing. [HTTP GET: https://dl.google.com/dl/android/maven2/io/grpc/grpc-context/1.57.0/grpc-context-1.57.0.pom]
Downloading https://repo.maven.apache.org/maven2/org/codehaus/mojo/animal-sniffer-parent/1.23/animal-sniffer-parent-1.23.pom to /home/runner/.gradle/.tmp/gradle_download11235939713413676313bin
Downloading https://repo.maven.apache.org/maven2/io/grpc/grpc-context/1.57.0/grpc-context-1.57.0.pom to /home/runner/.gradle/.tmp/gradle_download10574424305229086387bin
Resource missing. [HTTP GET: https://dl.google.com/dl/android/maven2/org/codehaus/mojo/mojo-parent/74/mojo-parent-74.pom]
Downloading https://repo.maven.apache.org/maven2/org/codehaus/mojo/mojo-parent/74/mojo-parent-74.pom to /home/runner/.gradle/.tmp/gradle_download14275297624599130521bin
Resource missing. [HTTP GET: https://dl.google.com/dl/android/maven2/org/junit/junit-bom/5.9.2/junit-bom-5.9.2.pom]
Downloading https://repo.maven.apache.org/maven2/org/junit/junit-bom/5.9.2/junit-bom-5.9.2.pom to /home/runner/.gradle/.tmp/gradle_download4298723961857869773bin
Downloading https://repo.maven.apache.org/maven2/org/junit/junit-bom/5.9.2/junit-bom-5.9.2.module to /home/runner/.gradle/.tmp/gradle_download13797821176954572240bin
Resource missing. [HTTP GET: https://dl.google.com/dl/android/maven2/io/netty/netty-handler-proxy/4.1.93.Final/netty-handler-proxy-4.1.93.Final.pom]
Resource missing. [HTTP GET: https://dl.google.com/dl/android/maven2/io/netty/netty-codec-http2/4.1.93.Final/netty-codec-http2-4.1.93.Final.pom]
Resource missing. [HTTP GET: https://dl.google.com/dl/android/maven2/io/netty/netty-transport-native-unix-common/4.1.93.Final/netty-transport-native-unix-common-4.1.93.Final.pom]
Downloading https://repo.maven.apache.org/maven2/io/netty/netty-handler-proxy/4.1.93.Final/netty-handler-proxy-4.1.93.Final.pom to /home/runner/.gradle/.tmp/gradle_download9146278282371006158bin
Downloading https://repo.maven.apache.org/maven2/io/netty/netty-codec-http2/4.1.93.Final/netty-codec-http2-4.1.93.Final.pom to /home/runner/.gradle/.tmp/gradle_download2492852996424500283bin
Downloading https://repo.maven.apache.org/maven2/io/netty/netty-transport-native-unix-common/4.1.93.Final/netty-transport-native-unix-common-4.1.93.Final.pom to /home/runner/.gradle/.tmp/gradle_download13240966972961158116bin
Resource missing. [HTTP GET: https://dl.google.com/dl/android/maven2/io/netty/netty-parent/4.1.93.Final/netty-parent-4.1.93.Final.pom]
Downloading https://repo.maven.apache.org/maven2/io/netty/netty-parent/4.1.93.Final/netty-parent-4.1.93.Final.pom to /home/runner/.gradle/.tmp/gradle_download9437762139265792404bin
Resource missing. [HTTP GET: https://dl.google.com/dl/android/maven2/org/sonatype/oss/oss-parent/9/oss-parent-9.pom]
Downloading https://repo.maven.apache.org/maven2/org/sonatype/oss/oss-parent/9/oss-parent-9.pom to /home/runner/.gradle/.tmp/gradle_download17689746413955568680bin
Resource missing. [HTTP GET: https://dl.google.com/dl/android/maven2/io/grpc/grpc-protobuf-lite/1.57.0/grpc-protobuf-lite-1.57.0.pom]
Resource missing. [HTTP GET: https://dl.google.com/dl/android/maven2/com/google/api/grpc/proto-google-common-protos/2.17.0/proto-google-common-protos-2.17.0.pom]
Downloading https://repo.maven.apache.org/maven2/io/grpc/grpc-protobuf-lite/1.57.0/grpc-protobuf-lite-1.57.0.pom to /home/runner/.gradle/.tmp/gradle_download5092554464615740641bin
Downloading https://repo.maven.apache.org/maven2/com/google/api/grpc/proto-google-common-protos/2.17.0/proto-google-common-protos-2.17.0.pom to /home/runner/.gradle/.tmp/gradle_download1067703707874262154bin
Resource missing. [HTTP GET: https://dl.google.com/dl/android/maven2/org/checkerframework/checker-qual/2.5.8/checker-qual-2.5.8.pom]
Downloading https://repo.maven.apache.org/maven2/org/checkerframework/checker-qual/2.5.8/checker-qual-2.5.8.pom to /home/runner/.gradle/.tmp/gradle_download1254080961474174134bin
Downloading https://dl.google.com/dl/android/maven2/com/android/tools/build/manifest-merger/31.7.3/manifest-merger-31.7.3.pom to /home/runner/.gradle/.tmp/gradle_download2035723894652317291bin
Downloading https://dl.google.com/dl/android/maven2/com/android/signflinger/8.7.3/signflinger-8.7.3.pom to /home/runner/.gradle/.tmp/gradle_download4392159992879647803bin
Resource missing. [HTTP GET: https://dl.google.com/dl/android/maven2/commons-codec/commons-codec/1.10/commons-codec-1.10.pom]
Downloading https://dl.google.com/dl/android/maven2/com/android/tools/analytics-library/tracker/31.7.3/tracker-31.7.3.pom to /home/runner/.gradle/.tmp/gradle_download10709633561325419773bin
Downloading https://repo.maven.apache.org/maven2/commons-codec/commons-codec/1.10/commons-codec-1.10.pom to /home/runner/.gradle/.tmp/gradle_download7924079077097821849bin
Downloading https://dl.google.com/dl/android/maven2/com/android/zipflinger/8.7.3/zipflinger-8.7.3.pom to /home/runner/.gradle/.tmp/gradle_download6380006886983103216bin
Downloading https://dl.google.com/dl/android/maven2/com/android/tools/build/manifest-merger/31.7.3/manifest-merger-31.7.3.module to /home/runner/.gradle/.tmp/gradle_download15344940565970847523bin
Downloading https://dl.google.com/dl/android/maven2/com/android/tools/build/apksig/8.7.3/apksig-8.7.3.pom to /home/runner/.gradle/.tmp/gradle_download11422861353069927660bin
Resource missing. [HTTP GET: https://dl.google.com/dl/android/maven2/org/apache/commons/commons-parent/35/commons-parent-35.pom]
Resource missing. [HTTP GET: https://dl.google.com/dl/android/maven2/com/squareup/javawriter/2.5.0/javawriter-2.5.0.pom]
Downloading https://dl.google.com/dl/android/maven2/com/android/tools/build/apkzlib/8.7.3/apkzlib-8.7.3.pom to /home/runner/.gradle/.tmp/gradle_download626056085215512842bin
Downloading https://repo.maven.apache.org/maven2/org/apache/commons/commons-parent/35/commons-parent-35.pom to /home/runner/.gradle/.tmp/gradle_download17978781303846044377bin
Downloading https://repo.maven.apache.org/maven2/com/squareup/javawriter/2.5.0/javawriter-2.5.0.pom to /home/runner/.gradle/.tmp/gradle_download4390346391088899862bin
Resource missing. [HTTP GET: https://dl.google.com/dl/android/maven2/org/apache/apache/15/apache-15.pom]
Downloading https://repo.maven.apache.org/maven2/org/apache/apache/15/apache-15.pom to /home/runner/.gradle/.tmp/gradle_download12320778200930858266bin
Resource missing. [HTTP GET: https://dl.google.com/dl/android/maven2/org/checkerframework/checker-qual/3.33.0/checker-qual-3.33.0.pom]
Downloading https://repo.maven.apache.org/maven2/org/checkerframework/checker-qual/3.33.0/checker-qual-3.33.0.pom to /home/runner/.gradle/.tmp/gradle_download17572113810910700970bin
Downloading https://repo.maven.apache.org/maven2/org/checkerframework/checker-qual/3.33.0/checker-qual-3.33.0.module to /home/runner/.gradle/.tmp/gradle_download8856670304789075007bin
Resource missing. [HTTP GET: https://dl.google.com/dl/android/maven2/com/google/j2objc/j2objc-annotations/2.8/j2objc-annotations-2.8.pom]
Downloading https://repo.maven.apache.org/maven2/com/google/j2objc/j2objc-annotations/2.8/j2objc-annotations-2.8.pom to /home/runner/.gradle/.tmp/gradle_download13109939497883192073bin
Resource missing. [HTTP GET: https://dl.google.com/dl/android/maven2/com/google/guava/failureaccess/1.0.1/failureaccess-1.0.1.pom]
Resource missing. [HTTP GET: https://dl.google.com/dl/android/maven2/com/google/guava/listenablefuture/9999.0-empty-to-avoid-conflict-with-guava/listenablefuture-9999.0-empty-to-avoid-conflict-with-guava.pom]
Downloading https://repo.maven.apache.org/maven2/com/google/guava/failureaccess/1.0.1/failureaccess-1.0.1.pom to /home/runner/.gradle/.tmp/gradle_download9126058537069647898bin
Downloading https://repo.maven.apache.org/maven2/com/google/guava/listenablefuture/9999.0-empty-to-avoid-conflict-with-guava/listenablefuture-9999.0-empty-to-avoid-conflict-with-guava.pom to /home/runner/.gradle/.tmp/gradle_download66630980253615303bin
Resource missing. [HTTP GET: https://dl.google.com/dl/android/maven2/com/google/guava/guava-parent/26.0-android/guava-parent-26.0-android.pom]
Downloading https://repo.maven.apache.org/maven2/com/google/guava/guava-parent/26.0-android/guava-parent-26.0-android.pom to /home/runner/.gradle/.tmp/gradle_download17966790562660620649bin
Resource missing. [HTTP GET: https://dl.google.com/dl/android/maven2/commons-codec/commons-codec/1.11/commons-codec-1.11.pom]
Downloading https://repo.maven.apache.org/maven2/commons-codec/commons-codec/1.11/commons-codec-1.11.pom to /home/runner/.gradle/.tmp/gradle_download3308904750716495800bin
Resource missing. [HTTP GET: https://dl.google.com/dl/android/maven2/org/apache/commons/commons-parent/42/commons-parent-42.pom]
Downloading https://repo.maven.apache.org/maven2/org/apache/commons/commons-parent/42/commons-parent-42.pom to /home/runner/.gradle/.tmp/gradle_download10363901980411709400bin
Resource missing. [HTTP GET: https://dl.google.com/dl/android/maven2/commons-logging/commons-logging/1.2/commons-logging-1.2.pom]
Downloading https://repo.maven.apache.org/maven2/commons-logging/commons-logging/1.2/commons-logging-1.2.pom to /home/runner/.gradle/.tmp/gradle_download10866404379012823397bin
Resource missing. [HTTP GET: https://dl.google.com/dl/android/maven2/org/apache/commons/commons-parent/34/commons-parent-34.pom]
Downloading https://repo.maven.apache.org/maven2/org/apache/commons/commons-parent/34/commons-parent-34.pom to /home/runner/.gradle/.tmp/gradle_download3282555518219303856bin
Resource missing. [HTTP GET: https://dl.google.com/dl/android/maven2/org/apache/apache/13/apache-13.pom]
Downloading https://repo.maven.apache.org/maven2/org/apache/apache/13/apache-13.pom to /home/runner/.gradle/.tmp/gradle_download1853664088443612032bin
Resource missing. [HTTP GET: https://dl.google.com/dl/android/maven2/net/java/dev/jna/jna/5.6.0/jna-5.6.0.pom]
Downloading https://repo.maven.apache.org/maven2/net/java/dev/jna/jna/5.6.0/jna-5.6.0.pom to /home/runner/.gradle/.tmp/gradle_download9312352405312656814bin
Resource missing. [HTTP GET: https://dl.google.com/dl/android/maven2/io/netty/netty-codec/4.1.93.Final/netty-codec-4.1.93.Final.pom]
Resource missing. [HTTP GET: https://dl.google.com/dl/android/maven2/io/netty/netty-buffer/4.1.93.Final/netty-buffer-4.1.93.Final.pom]
Resource missing. [HTTP GET: https://dl.google.com/dl/android/maven2/io/netty/netty-common/4.1.93.Final/netty-common-4.1.93.Final.pom]
Resource missing. [HTTP GET: https://dl.google.com/dl/android/maven2/io/netty/netty-transport/4.1.93.Final/netty-transport-4.1.93.Final.pom]
Downloading https://repo.maven.apache.org/maven2/io/netty/netty-buffer/4.1.93.Final/netty-buffer-4.1.93.Final.pom to /home/runner/.gradle/.tmp/gradle_download5288725553980622122bin
Downloading https://repo.maven.apache.org/maven2/io/netty/netty-common/4.1.93.Final/netty-common-4.1.93.Final.pom to /home/runner/.gradle/.tmp/gradle_download11536395730253417531bin
Downloading https://repo.maven.apache.org/maven2/io/netty/netty-codec/4.1.93.Final/netty-codec-4.1.93.Final.pom to /home/runner/.gradle/.tmp/gradle_download15077587246824203200bin
Downloading https://repo.maven.apache.org/maven2/io/netty/netty-transport/4.1.93.Final/netty-transport-4.1.93.Final.pom to /home/runner/.gradle/.tmp/gradle_download8767115452052744185bin
Resource missing. [HTTP GET: https://dl.google.com/dl/android/maven2/io/netty/netty-handler/4.1.93.Final/netty-handler-4.1.93.Final.pom]
Resource missing. [HTTP GET: https://dl.google.com/dl/android/maven2/io/netty/netty-codec-http/4.1.93.Final/netty-codec-http-4.1.93.Final.pom]
Downloading https://repo.maven.apache.org/maven2/io/netty/netty-handler/4.1.93.Final/netty-handler-4.1.93.Final.pom to /home/runner/.gradle/.tmp/gradle_download13003792933781409969bin
Downloading https://repo.maven.apache.org/maven2/io/netty/netty-codec-http/4.1.93.Final/netty-codec-http-4.1.93.Final.pom to /home/runner/.gradle/.tmp/gradle_download938642178783276028bin
Resource missing. [HTTP GET: https://dl.google.com/dl/android/maven2/io/netty/netty-codec-socks/4.1.93.Final/netty-codec-socks-4.1.93.Final.pom]
Downloading https://repo.maven.apache.org/maven2/io/netty/netty-codec-socks/4.1.93.Final/netty-codec-socks-4.1.93.Final.pom to /home/runner/.gradle/.tmp/gradle_download10423818251346046564bin
Resource missing. [HTTP GET: https://dl.google.com/dl/android/maven2/io/netty/netty-resolver/4.1.93.Final/netty-resolver-4.1.93.Final.pom]
Downloading https://repo.maven.apache.org/maven2/io/netty/netty-resolver/4.1.93.Final/netty-resolver-4.1.93.Final.pom to /home/runner/.gradle/.tmp/gradle_download4782531508905396747bin
Downloading https://dl.google.com/dl/android/maven2/com/android/tools/build/gradle/8.7.3/gradle-8.7.3.jar to /home/runner/.gradle/.tmp/gradle_download4182833700583573329bin
Downloading https://dl.google.com/dl/android/maven2/com/android/tools/build/gradle-settings-api/8.7.3/gradle-settings-api-8.7.3.jar to /home/runner/.gradle/.tmp/gradle_download6307026320890619946bin
Downloading https://dl.google.com/dl/android/maven2/com/android/tools/lint/lint-model/31.7.3/lint-model-31.7.3.jar to /home/runner/.gradle/.tmp/gradle_download10567552322120512051bin
Downloading https://dl.google.com/dl/android/maven2/com/android/tools/build/builder/8.7.3/builder-8.7.3.jar to /home/runner/.gradle/.tmp/gradle_download7288935753265217730bin
Downloading https://dl.google.com/dl/android/maven2/com/android/tools/build/manifest-merger/31.7.3/manifest-merger-31.7.3.jar to /home/runner/.gradle/.tmp/gradle_download13705043191374672337bin
Downloading https://dl.google.com/dl/android/maven2/com/android/tools/sdk-common/31.7.3/sdk-common-31.7.3.jar to /home/runner/.gradle/.tmp/gradle_download10508576402444279526bin
Downloading https://dl.google.com/dl/android/maven2/com/android/tools/sdklib/31.7.3/sdklib-31.7.3.jar to /home/runner/.gradle/.tmp/gradle_download2294413376496286793bin
Downloading https://dl.google.com/dl/android/maven2/com/android/tools/repository/31.7.3/repository-31.7.3.jar to /home/runner/.gradle/.tmp/gradle_download14527969429869914855bin
Downloading https://dl.google.com/dl/android/maven2/com/android/tools/build/gradle-api/8.7.3/gradle-api-8.7.3.jar to /home/runner/.gradle/.tmp/gradle_download17064378204924905544bin
Downloading https://dl.google.com/dl/android/maven2/com/android/tools/build/builder-test-api/8.7.3/builder-test-api-8.7.3.jar to /home/runner/.gradle/.tmp/gradle_download2092076599452208363bin
Downloading https://dl.google.com/dl/android/maven2/com/android/tools/build/aaptcompiler/8.7.3/aaptcompiler-8.7.3.jar to /home/runner/.gradle/.tmp/gradle_download16696475103122964753bin
Downloading https://dl.google.com/dl/android/maven2/com/android/tools/ddms/ddmlib/31.7.3/ddmlib-31.7.3.jar to /home/runner/.gradle/.tmp/gradle_download6338004466527088059bin
Downloading https://dl.google.com/dl/android/maven2/com/android/tools/build/bundletool/1.17.1/bundletool-1.17.1.jar to /home/runner/.gradle/.tmp/gradle_download3268819653843901787bin
Downloading https://dl.google.com/dl/android/maven2/com/android/tools/build/aapt2-proto/8.7.3-12006047/aapt2-proto-8.7.3-12006047.jar to /home/runner/.gradle/.tmp/gradle_download8649001203338782045bin
Downloading https://dl.google.com/dl/android/maven2/com/android/tools/analytics-library/crash/31.7.3/crash-31.7.3.jar to /home/runner/.gradle/.tmp/gradle_download4782096272002110697bin
Downloading https://dl.google.com/dl/android/maven2/com/android/tools/analytics-library/tracker/31.7.3/tracker-31.7.3.jar to /home/runner/.gradle/.tmp/gradle_download13594114095875916476bin
Downloading https://dl.google.com/dl/android/maven2/com/android/tools/analytics-library/shared/31.7.3/shared-31.7.3.jar to /home/runner/.gradle/.tmp/gradle_download10749908922225756590bin
Downloading https://dl.google.com/dl/android/maven2/com/android/tools/lint/lint-typedef-remover/31.7.3/lint-typedef-remover-31.7.3.jar to /home/runner/.gradle/.tmp/gradle_download15956508167250889313bin
Downloading https://dl.google.com/dl/android/maven2/androidx/databinding/databinding-compiler-common/8.7.3/databinding-compiler-common-8.7.3.jar to /home/runner/.gradle/.tmp/gradle_download1796132883277315172bin
Downloading https://dl.google.com/dl/android/maven2/androidx/databinding/databinding-common/8.7.3/databinding-common-8.7.3.jar to /home/runner/.gradle/.tmp/gradle_download6702420946678765026bin
Downloading https://dl.google.com/dl/android/maven2/com/android/tools/layoutlib/layoutlib-api/31.7.3/layoutlib-api-31.7.3.jar to /home/runner/.gradle/.tmp/gradle_download10018492757457687920bin
Downloading https://dl.google.com/dl/android/maven2/com/android/databinding/baseLibrary/8.7.3/baseLibrary-8.7.3.jar to /home/runner/.gradle/.tmp/gradle_download3968723115223125994bin
Downloading https://dl.google.com/dl/android/maven2/com/android/tools/utp/android-device-provider-ddmlib-proto/31.7.3/android-device-provider-ddmlib-proto-31.7.3.jar to /home/runner/.gradle/.tmp/gradle_download399913955830455720bin
Downloading https://dl.google.com/dl/android/maven2/com/android/tools/utp/android-device-provider-gradle-proto/31.7.3/android-device-provider-gradle-proto-31.7.3.jar to /home/runner/.gradle/.tmp/gradle_download16906289290911379196bin
Downloading https://dl.google.com/dl/android/maven2/com/android/tools/utp/android-device-provider-profile-proto/31.7.3/android-device-provider-profile-proto-31.7.3.jar to /home/runner/.gradle/.tmp/gradle_download16154281412270080082bin
Downloading https://dl.google.com/dl/android/maven2/com/android/tools/utp/android-test-plugin-host-additional-test-output-proto/31.7.3/android-test-plugin-host-additional-test-output-proto-31.7.3.jar to /home/runner/.gradle/.tmp/gradle_download11184977090322889149bin
Downloading https://dl.google.com/dl/android/maven2/com/android/tools/utp/android-test-plugin-host-logcat-proto/31.7.3/android-test-plugin-host-logcat-proto-31.7.3.jar to /home/runner/.gradle/.tmp/gradle_download5942083002053698323bin
Downloading https://dl.google.com/dl/android/maven2/com/android/tools/utp/android-test-plugin-host-emulator-control-proto/31.7.3/android-test-plugin-host-emulator-control-proto-31.7.3.jar to /home/runner/.gradle/.tmp/gradle_download5858358777986243943bin
Downloading https://dl.google.com/dl/android/maven2/com/android/tools/utp/android-test-plugin-host-apk-installer-proto/31.7.3/android-test-plugin-host-apk-installer-proto-31.7.3.jar to /home/runner/.gradle/.tmp/gradle_download17454582875801477201bin
Downloading https://dl.google.com/dl/android/maven2/com/android/tools/utp/android-test-plugin-host-coverage-proto/31.7.3/android-test-plugin-host-coverage-proto-31.7.3.jar to /home/runner/.gradle/.tmp/gradle_download4388262585861301922bin
Downloading https://dl.google.com/dl/android/maven2/com/android/tools/utp/android-test-plugin-host-retention-proto/31.7.3/android-test-plugin-host-retention-proto-31.7.3.jar to /home/runner/.gradle/.tmp/gradle_download4877956348659053879bin
Downloading https://dl.google.com/dl/android/maven2/com/android/tools/utp/android-test-plugin-result-listener-gradle-proto/31.7.3/android-test-plugin-result-listener-gradle-proto-31.7.3.jar to /home/runner/.gradle/.tmp/gradle_download7127648220865914800bin
Downloading https://dl.google.com/dl/android/maven2/com/android/tools/build/builder-model/8.7.3/builder-model-8.7.3.jar to /home/runner/.gradle/.tmp/gradle_download17324897320215215571bin
Downloading https://dl.google.com/dl/android/maven2/com/android/tools/dvlib/31.7.3/dvlib-31.7.3.jar to /home/runner/.gradle/.tmp/gradle_download13528171727055537484bin
Downloading https://dl.google.com/dl/android/maven2/com/android/tools/common/31.7.3/common-31.7.3.jar to /home/runner/.gradle/.tmp/gradle_download16352057773543250990bin
Downloading https://repo.maven.apache.org/maven2/org/jetbrains/kotlin/kotlin-reflect/1.9.20/kotlin-reflect-1.9.20.jar to /home/runner/.gradle/.tmp/gradle_download2379856588763446496bin
Downloading https://dl.google.com/dl/android/maven2/com/android/tools/build/jetifier/jetifier-core/1.0.0-beta10/jetifier-core-1.0.0-beta10.jar to /home/runner/.gradle/.tmp/gradle_download853679332933005706bin
Downloading https://dl.google.com/dl/android/maven2/com/android/tools/build/jetifier/jetifier-processor/1.0.0-beta10/jetifier-processor-1.0.0-beta10.jar to /home/runner/.gradle/.tmp/gradle_download9672282209947801849bin
Downloading https://repo.maven.apache.org/maven2/org/jetbrains/kotlin/kotlin-stdlib/1.9.20/kotlin-stdlib-1.9.20.jar to /home/runner/.gradle/.tmp/gradle_download16956190996506146837bin
Downloading https://repo.maven.apache.org/maven2/org/jetbrains/kotlin/kotlin-stdlib-jdk7/1.9.20/kotlin-stdlib-jdk7-1.9.20.jar to /home/runner/.gradle/.tmp/gradle_download5032879085964873363bin
Downloading https://repo.maven.apache.org/maven2/org/jetbrains/kotlin/kotlin-stdlib-jdk8/1.9.20/kotlin-stdlib-jdk8-1.9.20.jar to /home/runner/.gradle/.tmp/gradle_download11323619227086550070bin
Downloading https://repo.maven.apache.org/maven2/org/apache/httpcomponents/httpmime/4.5.6/httpmime-4.5.6.jar to /home/runner/.gradle/.tmp/gradle_download15282592215674743851bin
Downloading https://repo.maven.apache.org/maven2/commons-io/commons-io/2.13.0/commons-io-2.13.0.jar to /home/runner/.gradle/.tmp/gradle_download13079953653549786711bin
Downloading https://dl.google.com/dl/android/maven2/com/android/tools/build/transform-api/2.0.0-deprecated-use-gradle-api/transform-api-2.0.0-deprecated-use-gradle-api.jar to /home/runner/.gradle/.tmp/gradle_download3356380644330181687bin
Downloading https://repo.maven.apache.org/maven2/org/ow2/asm/asm-commons/9.6/asm-commons-9.6.jar to /home/runner/.gradle/.tmp/gradle_download6205815456948405087bin
Downloading https://repo.maven.apache.org/maven2/org/ow2/asm/asm-analysis/9.6/asm-analysis-9.6.jar to /home/runner/.gradle/.tmp/gradle_download3500933459138704044bin
Downloading https://repo.maven.apache.org/maven2/org/ow2/asm/asm-tree/9.6/asm-tree-9.6.jar to /home/runner/.gradle/.tmp/gradle_download3242070254585531339bin
Downloading https://repo.maven.apache.org/maven2/org/ow2/asm/asm-util/9.6/asm-util-9.6.jar to /home/runner/.gradle/.tmp/gradle_download10250792110910516008bin
Downloading https://repo.maven.apache.org/maven2/org/ow2/asm/asm/9.6/asm-9.6.jar to /home/runner/.gradle/.tmp/gradle_download12683985230659088301bin
Downloading https://repo.maven.apache.org/maven2/org/bouncycastle/bcpkix-jdk18on/1.77/bcpkix-jdk18on-1.77.jar to /home/runner/.gradle/.tmp/gradle_download7108626896561168103bin
Downloading https://repo.maven.apache.org/maven2/org/glassfish/jaxb/jaxb-runtime/2.3.2/jaxb-runtime-2.3.2.jar to /home/runner/.gradle/.tmp/gradle_download6512182342136736055bin
Downloading https://dl.google.com/dl/android/maven2/com/android/tools/build/apkzlib/8.7.3/apkzlib-8.7.3.jar to /home/runner/.gradle/.tmp/gradle_download448939401799308060bin
Downloading https://repo.maven.apache.org/maven2/net/sf/jopt-simple/jopt-simple/4.9/jopt-simple-4.9.jar to /home/runner/.gradle/.tmp/gradle_download10524376915887881748bin
Downloading https://repo.maven.apache.org/maven2/com/google/protobuf/protobuf-java-util/3.22.3/protobuf-java-util-3.22.3.jar to /home/runner/.gradle/.tmp/gradle_download3053898093173858234bin
Downloading https://repo.maven.apache.org/maven2/io/grpc/grpc-protobuf/1.57.0/grpc-protobuf-1.57.0.jar to /home/runner/.gradle/.tmp/gradle_download10926500319520710067bin
Downloading https://repo.maven.apache.org/maven2/com/squareup/javapoet/1.10.0/javapoet-1.10.0.jar to /home/runner/.gradle/.tmp/gradle_download5639657523237297513bin
Downloading https://repo.maven.apache.org/maven2/com/google/crypto/tink/tink/1.7.0/tink-1.7.0.jar to /home/runner/.gradle/.tmp/gradle_download10456932454925426693bin
Downloading https://repo.maven.apache.org/maven2/com/google/api/grpc/proto-google-common-protos/2.17.0/proto-google-common-protos-2.17.0.jar to /home/runner/.gradle/.tmp/gradle_download12044111532972165bin
Downloading https://dl.google.com/dl/android/maven2/com/android/tools/analytics-library/protos/31.7.3/protos-31.7.3.jar to /home/runner/.gradle/.tmp/gradle_download9765209450972894606bin
Downloading https://repo.maven.apache.org/maven2/io/grpc/grpc-netty/1.57.0/grpc-netty-1.57.0.jar to /home/runner/.gradle/.tmp/gradle_download16010060309704625756bin
Downloading https://repo.maven.apache.org/maven2/com/google/protobuf/protobuf-java/3.22.3/protobuf-java-3.22.3.jar to /home/runner/.gradle/.tmp/gradle_download5983448114671220486bin
Downloading https://repo.maven.apache.org/maven2/io/grpc/grpc-core/1.57.0/grpc-core-1.57.0.jar to /home/runner/.gradle/.tmp/gradle_download14505015501095195836bin
Downloading https://repo.maven.apache.org/maven2/com/google/code/gson/gson/2.10.1/gson-2.10.1.jar to /home/runner/.gradle/.tmp/gradle_download16911498437080147151bin
Downloading https://repo.maven.apache.org/maven2/io/grpc/grpc-stub/1.57.0/grpc-stub-1.57.0.jar to /home/runner/.gradle/.tmp/gradle_download6325332240393909167bin
Downloading https://repo.maven.apache.org/maven2/com/google/flatbuffers/flatbuffers-java/1.12.0/flatbuffers-java-1.12.0.jar to /home/runner/.gradle/.tmp/gradle_download1572153534966735329bin
Downloading https://repo.maven.apache.org/maven2/org/tensorflow/tensorflow-lite-metadata/0.1.0-rc2/tensorflow-lite-metadata-0.1.0-rc2.jar to /home/runner/.gradle/.tmp/gradle_download9115304084641117600bin
Downloading https://repo.maven.apache.org/maven2/io/grpc/grpc-protobuf-lite/1.57.0/grpc-protobuf-lite-1.57.0.jar to /home/runner/.gradle/.tmp/gradle_download2901044884977856790bin
Downloading https://repo.maven.apache.org/maven2/io/grpc/grpc-context/1.57.0/grpc-context-1.57.0.jar to /home/runner/.gradle/.tmp/gradle_download3164476531170398314bin
Downloading https://repo.maven.apache.org/maven2/com/google/jimfs/jimfs/1.1/jimfs-1.1.jar to /home/runner/.gradle/.tmp/gradle_download13663786740866924090bin
Downloading https://dl.google.com/dl/android/maven2/com/google/testing/platform/core-proto/0.0.9-alpha02/core-proto-0.0.9-alpha02.jar to /home/runner/.gradle/.tmp/gradle_download1868897482306111045bin
Downloading https://repo.maven.apache.org/maven2/com/google/guava/guava/32.0.1-jre/guava-32.0.1-jre.jar to /home/runner/.gradle/.tmp/gradle_download6419138403929803515bin
Downloading https://repo.maven.apache.org/maven2/io/grpc/grpc-api/1.57.0/grpc-api-1.57.0.jar to /home/runner/.gradle/.tmp/gradle_download5643068204059996801bin
Downloading https://repo.maven.apache.org/maven2/com/google/dagger/dagger/2.28.3/dagger-2.28.3.jar to /home/runner/.gradle/.tmp/gradle_download10294514397983089780bin
Downloading https://repo.maven.apache.org/maven2/javax/inject/javax.inject/1/javax.inject-1.jar to /home/runner/.gradle/.tmp/gradle_download16068093368572115630bin
Downloading https://repo.maven.apache.org/maven2/net/sf/kxml/kxml2/2.3.0/kxml2-2.3.0.jar to /home/runner/.gradle/.tmp/gradle_download10007759496060657699bin
Downloading https://repo.maven.apache.org/maven2/org/bouncycastle/bcutil-jdk18on/1.77/bcutil-jdk18on-1.77.jar to /home/runner/.gradle/.tmp/gradle_download6194891331797942184bin
Downloading https://repo.maven.apache.org/maven2/org/jetbrains/intellij/deps/trove4j/1.0.20200330/trove4j-1.0.20200330.jar to /home/runner/.gradle/.tmp/gradle_download16042003641261449bin
Downloading https://repo.maven.apache.org/maven2/org/apache/commons/commons-compress/1.21/commons-compress-1.21.jar to /home/runner/.gradle/.tmp/gradle_download13884901076998890101bin
Downloading https://repo.maven.apache.org/maven2/org/bouncycastle/bcprov-jdk18on/1.77/bcprov-jdk18on-1.77.jar to /home/runner/.gradle/.tmp/gradle_download1712845903091964110bin
Downloading https://repo.maven.apache.org/maven2/org/apache/httpcomponents/httpcore/4.4.16/httpcore-4.4.16.jar to /home/runner/.gradle/.tmp/gradle_download5400398237929501151bin
Downloading https://repo.maven.apache.org/maven2/org/apache/httpcomponents/httpclient/4.5.14/httpclient-4.5.14.jar to /home/runner/.gradle/.tmp/gradle_download10920764290089420680bin
Downloading https://repo.maven.apache.org/maven2/com/sun/activation/javax.activation/1.2.0/javax.activation-1.2.0.jar to /home/runner/.gradle/.tmp/gradle_download11016984427729028547bin
Downloading https://repo.maven.apache.org/maven2/org/jetbrains/annotations/23.0.0/annotations-23.0.0.jar to /home/runner/.gradle/.tmp/gradle_download14727948530665867091bin
Downloading https://dl.google.com/dl/android/maven2/com/android/signflinger/8.7.3/signflinger-8.7.3.jar to /home/runner/.gradle/.tmp/gradle_download13326016085095802165bin
Downloading https://dl.google.com/dl/android/maven2/com/android/zipflinger/8.7.3/zipflinger-8.7.3.jar to /home/runner/.gradle/.tmp/gradle_download1509909443527391077bin
Downloading https://dl.google.com/dl/android/maven2/com/android/tools/annotations/31.7.3/annotations-31.7.3.jar to /home/runner/.gradle/.tmp/gradle_download5482760980066158099bin
Downloading https://repo.maven.apache.org/maven2/net/java/dev/jna/jna-platform/5.6.0/jna-platform-5.6.0.jar to /home/runner/.gradle/.tmp/gradle_download3167109706306645221bin
Downloading https://repo.maven.apache.org/maven2/com/googlecode/juniversalchardet/juniversalchardet/1.0.3/juniversalchardet-1.0.3.jar to /home/runner/.gradle/.tmp/gradle_download16305009103256006592bin
Downloading https://repo.maven.apache.org/maven2/javax/annotation/javax.annotation-api/1.3.2/javax.annotation-api-1.3.2.jar to /home/runner/.gradle/.tmp/gradle_download18229801083190237478bin
Downloading https://repo.maven.apache.org/maven2/org/jvnet/staxex/stax-ex/1.8.1/stax-ex-1.8.1.jar to /home/runner/.gradle/.tmp/gradle_download14281191570931727106bin
Downloading https://repo.maven.apache.org/maven2/jakarta/xml/bind/jakarta.xml.bind-api/2.3.2/jakarta.xml.bind-api-2.3.2.jar to /home/runner/.gradle/.tmp/gradle_download14222199100352381739bin
Cache entries evicted. In-memory cache of /home/runner/work/dager_hunter/dager_hunter/android/.gradle/8.9/checksums/sha1-checksums.bin: Size{392} MaxSize{400}, CacheStats{hitCount=91, missCount=397, loadSuccessCount=393, loadExceptionCount=0, totalLoadTime=63597734, evictionCount=1} 
Performance may suffer from in-memory cache misses. Increase max heap size of Gradle build process to reduce cache misses.
Downloading https://repo.maven.apache.org/maven2/com/sun/istack/istack-commons-runtime/3.0.8/istack-commons-runtime-3.0.8.jar to /home/runner/.gradle/.tmp/gradle_download2917362913927845642bin
Downloading https://repo.maven.apache.org/maven2/org/glassfish/jaxb/txw2/2.3.2/txw2-2.3.2.jar to /home/runner/.gradle/.tmp/gradle_download2756301566186876949bin
Downloading https://repo.maven.apache.org/maven2/com/sun/xml/fastinfoset/FastInfoset/1.2.16/FastInfoset-1.2.16.jar to /home/runner/.gradle/.tmp/gradle_download6367823787425184616bin
Downloading https://repo.maven.apache.org/maven2/jakarta/activation/jakarta.activation-api/1.2.1/jakarta.activation-api-1.2.1.jar to /home/runner/.gradle/.tmp/gradle_download13613130109906929956bin
Downloading https://repo.maven.apache.org/maven2/com/google/errorprone/error_prone_annotations/2.18.0/error_prone_annotations-2.18.0.jar to /home/runner/.gradle/.tmp/gradle_download11458626077926451424bin
Downloading https://repo.maven.apache.org/maven2/com/google/auto/value/auto-value-annotations/1.6.2/auto-value-annotations-1.6.2.jar to /home/runner/.gradle/.tmp/gradle_download5882567447119790133bin
Downloading https://repo.maven.apache.org/maven2/org/bitbucket/b_c/jose4j/0.9.5/jose4j-0.9.5.jar to /home/runner/.gradle/.tmp/gradle_download7512073681814354396bin
Downloading https://repo.maven.apache.org/maven2/org/slf4j/slf4j-api/1.7.30/slf4j-api-1.7.30.jar to /home/runner/.gradle/.tmp/gradle_download10626419517727613296bin
Downloading https://repo.maven.apache.org/maven2/org/jdom/jdom2/2.0.6/jdom2-2.0.6.jar to /home/runner/.gradle/.tmp/gradle_download4348460667356876367bin
Downloading https://repo.maven.apache.org/maven2/com/google/code/findbugs/jsr305/3.0.2/jsr305-3.0.2.jar to /home/runner/.gradle/.tmp/gradle_download6553526380771490006bin
Downloading https://repo.maven.apache.org/maven2/com/google/android/annotations/4.1.1.4/annotations-4.1.1.4.jar to /home/runner/.gradle/.tmp/gradle_download7512670409186289775bin
Downloading https://repo.maven.apache.org/maven2/com/google/j2objc/j2objc-annotations/2.8/j2objc-annotations-2.8.jar to /home/runner/.gradle/.tmp/gradle_download12669719994079377610bin
Downloading https://repo.maven.apache.org/maven2/org/codehaus/mojo/animal-sniffer-annotations/1.23/animal-sniffer-annotations-1.23.jar to /home/runner/.gradle/.tmp/gradle_download17504003618653551598bin
Downloading https://repo.maven.apache.org/maven2/io/netty/netty-codec-http2/4.1.93.Final/netty-codec-http2-4.1.93.Final.jar to /home/runner/.gradle/.tmp/gradle_download11978091216814006117bin
Downloading https://repo.maven.apache.org/maven2/io/perfmark/perfmark-api/0.26.0/perfmark-api-0.26.0.jar to /home/runner/.gradle/.tmp/gradle_download7943118361974290531bin
Downloading https://repo.maven.apache.org/maven2/io/netty/netty-handler-proxy/4.1.93.Final/netty-handler-proxy-4.1.93.Final.jar to /home/runner/.gradle/.tmp/gradle_download12551526526192020762bin
Downloading https://repo.maven.apache.org/maven2/io/netty/netty-handler/4.1.93.Final/netty-handler-4.1.93.Final.jar to /home/runner/.gradle/.tmp/gradle_download12100162828446113786bin
Downloading https://repo.maven.apache.org/maven2/io/netty/netty-codec-http/4.1.93.Final/netty-codec-http-4.1.93.Final.jar to /home/runner/.gradle/.tmp/gradle_download4036419482496329372bin
Downloading https://repo.maven.apache.org/maven2/io/netty/netty-transport-native-unix-common/4.1.93.Final/netty-transport-native-unix-common-4.1.93.Final.jar to /home/runner/.gradle/.tmp/gradle_download15239931376581406239bin
Downloading https://repo.maven.apache.org/maven2/org/checkerframework/checker-qual/3.33.0/checker-qual-3.33.0.jar to /home/runner/.gradle/.tmp/gradle_download14953935953502918426bin
Downloading https://repo.maven.apache.org/maven2/commons-codec/commons-codec/1.11/commons-codec-1.11.jar to /home/runner/.gradle/.tmp/gradle_download6911290169268284171bin
Downloading https://repo.maven.apache.org/maven2/com/squareup/javawriter/2.5.0/javawriter-2.5.0.jar to /home/runner/.gradle/.tmp/gradle_download15328838663730247631bin
Downloading https://dl.google.com/dl/android/maven2/com/android/tools/build/apksig/8.7.3/apksig-8.7.3.jar to /home/runner/.gradle/.tmp/gradle_download1998458495714718465bin
Downloading https://repo.maven.apache.org/maven2/com/google/guava/listenablefuture/9999.0-empty-to-avoid-conflict-with-guava/listenablefuture-9999.0-empty-to-avoid-conflict-with-guava.jar to /home/runner/.gradle/.tmp/gradle_download7186663665908144451bin
Downloading https://repo.maven.apache.org/maven2/com/google/guava/failureaccess/1.0.1/failureaccess-1.0.1.jar to /home/runner/.gradle/.tmp/gradle_download3451185870590196368bin
Downloading https://repo.maven.apache.org/maven2/commons-logging/commons-logging/1.2/commons-logging-1.2.jar to /home/runner/.gradle/.tmp/gradle_download10105059033984864862bin
Downloading https://repo.maven.apache.org/maven2/io/netty/netty-codec-socks/4.1.93.Final/netty-codec-socks-4.1.93.Final.jar to /home/runner/.gradle/.tmp/gradle_download11372193759331778628bin
Downloading https://repo.maven.apache.org/maven2/io/netty/netty-transport/4.1.93.Final/netty-transport-4.1.93.Final.jar to /home/runner/.gradle/.tmp/gradle_download15204320378851922084bin
Downloading https://repo.maven.apache.org/maven2/io/netty/netty-codec/4.1.93.Final/netty-codec-4.1.93.Final.jar to /home/runner/.gradle/.tmp/gradle_download17366175094705633428bin
Downloading https://repo.maven.apache.org/maven2/io/netty/netty-buffer/4.1.93.Final/netty-buffer-4.1.93.Final.jar to /home/runner/.gradle/.tmp/gradle_download11292982209687099724bin
Downloading https://repo.maven.apache.org/maven2/net/java/dev/jna/jna/5.6.0/jna-5.6.0.jar to /home/runner/.gradle/.tmp/gradle_download17223498484933518649bin
Downloading https://repo.maven.apache.org/maven2/io/netty/netty-resolver/4.1.93.Final/netty-resolver-4.1.93.Final.jar to /home/runner/.gradle/.tmp/gradle_download4617665354337877347bin
Downloading https://repo.maven.apache.org/maven2/io/netty/netty-common/4.1.93.Final/netty-common-4.1.93.Final.jar to /home/runner/.gradle/.tmp/gradle_download8915744690652232325bin
Transforming gradle-8.7.3.jar (com.android.tools.build:gradle:8.7.3) with InstrumentationAnalysisTransform
Transforming gradle-settings-api-8.7.3.jar (com.android.tools.build:gradle-settings-api:8.7.3) with InstrumentationAnalysisTransform
Transforming lint-model-31.7.3.jar (com.android.tools.lint:lint-model:31.7.3) with InstrumentationAnalysisTransform
Transforming builder-8.7.3.jar (com.android.tools.build:builder:8.7.3) with InstrumentationAnalysisTransform
Caching disabled for InstrumentationAnalysisTransform: /home/runner/.gradle/caches/modules-2/files-2.1/com.android.tools.build/gradle/8.7.3/557c0eaed243df7b293d8b1f2c252d97fcc71dda/gradle-8.7.3.jar because:
  Build cache is disabled
  Caching not enabled.
Caching disabled for InstrumentationAnalysisTransform: /home/runner/.gradle/caches/modules-2/files-2.1/com.android.tools.lint/lint-model/31.7.3/97083bcf1d06633487523abd3e340ea216e988d2/lint-model-31.7.3.jar because:
  Build cache is disabled
  Caching not enabled.
Caching disabled for InstrumentationAnalysisTransform: /home/runner/.gradle/caches/modules-2/files-2.1/com.android.tools.build/gradle-settings-api/8.7.3/4ff585b83bf1443f3e96f9d833458d19b29bdce3/gradle-settings-api-8.7.3.jar because:
  Build cache is disabled
  Caching not enabled.
Transforming manifest-merger-31.7.3.jar (com.android.tools.build:manifest-merger:31.7.3) with InstrumentationAnalysisTransform
Transforming sdk-common-31.7.3.jar (com.android.tools:sdk-common:31.7.3) with InstrumentationAnalysisTransform
Transforming sdklib-31.7.3.jar (com.android.tools:sdklib:31.7.3) with InstrumentationAnalysisTransform
Transforming repository-31.7.3.jar (com.android.tools:repository:31.7.3) with InstrumentationAnalysisTransform
Transforming gradle-api-8.7.3.jar (com.android.tools.build:gradle-api:8.7.3) with InstrumentationAnalysisTransform
Transforming builder-test-api-8.7.3.jar (com.android.tools.build:builder-test-api:8.7.3) with InstrumentationAnalysisTransform
Transforming ddmlib-31.7.3.jar (com.android.tools.ddms:ddmlib:31.7.3) with InstrumentationAnalysisTransform
Transforming aaptcompiler-8.7.3.jar (com.android.tools.build:aaptcompiler:8.7.3) with InstrumentationAnalysisTransform
Transforming bundletool-1.17.1.jar (com.android.tools.build:bundletool:1.17.1) with InstrumentationAnalysisTransform
Caching disabled for InstrumentationAnalysisTransform: /home/runner/.gradle/caches/modules-2/files-2.1/com.android.tools.build/builder/8.7.3/8d3e529cc87e89552433c8337bd0b616ef545fa1/builder-8.7.3.jar because:
  Build cache is disabled
  Caching not enabled.
Caching disabled for InstrumentationAnalysisTransform: /home/runner/.gradle/caches/modules-2/files-2.1/com.android.tools.build/manifest-merger/31.7.3/d0489e76e4eb785336317add6b65d57b928a429/manifest-merger-31.7.3.jar because:
  Build cache is disabled
  Caching not enabled.
Caching disabled for InstrumentationAnalysisTransform: /home/runner/.gradle/caches/modules-2/files-2.1/com.android.tools/sdk-common/31.7.3/d17c3d28724a5f3e90a5ae053714627b740ff80c/sdk-common-31.7.3.jar because:
  Build cache is disabled
  Caching not enabled.
Transforming aapt2-proto-8.7.3-12006047.jar (com.android.tools.build:aapt2-proto:8.7.3-12006047) with InstrumentationAnalysisTransform
Transforming crash-31.7.3.jar (com.android.tools.analytics-library:crash:31.7.3) with InstrumentationAnalysisTransform
Transforming tracker-31.7.3.jar (com.android.tools.analytics-library:tracker:31.7.3) with InstrumentationAnalysisTransform
Transforming shared-31.7.3.jar (com.android.tools.analytics-library:shared:31.7.3) with InstrumentationAnalysisTransform
Transforming lint-typedef-remover-31.7.3.jar (com.android.tools.lint:lint-typedef-remover:31.7.3) with InstrumentationAnalysisTransform
Transforming databinding-compiler-common-8.7.3.jar (androidx.databinding:databinding-compiler-common:8.7.3) with InstrumentationAnalysisTransform
Transforming databinding-common-8.7.3.jar (androidx.databinding:databinding-common:8.7.3) with InstrumentationAnalysisTransform
Transforming baseLibrary-8.7.3.jar (com.android.databinding:baseLibrary:8.7.3) with InstrumentationAnalysisTransform
Transforming layoutlib-api-31.7.3.jar (com.android.tools.layoutlib:layoutlib-api:31.7.3) with InstrumentationAnalysisTransform
Transforming android-device-provider-ddmlib-proto-31.7.3.jar (com.android.tools.utp:android-device-provider-ddmlib-proto:31.7.3) with InstrumentationAnalysisTransform
Transforming android-device-provider-gradle-proto-31.7.3.jar (com.android.tools.utp:android-device-provider-gradle-proto:31.7.3) with InstrumentationAnalysisTransform
Transforming android-device-provider-profile-proto-31.7.3.jar (com.android.tools.utp:android-device-provider-profile-proto:31.7.3) with InstrumentationAnalysisTransform
Transforming android-test-plugin-host-additional-test-output-proto-31.7.3.jar (com.android.tools.utp:android-test-plugin-host-additional-test-output-proto:31.7.3) with InstrumentationAnalysisTransform
Transforming android-test-plugin-host-coverage-proto-31.7.3.jar (com.android.tools.utp:android-test-plugin-host-coverage-proto:31.7.3) with InstrumentationAnalysisTransform
Transforming android-test-plugin-host-emulator-control-proto-31.7.3.jar (com.android.tools.utp:android-test-plugin-host-emulator-control-proto:31.7.3) with InstrumentationAnalysisTransform
Transforming android-test-plugin-host-logcat-proto-31.7.3.jar (com.android.tools.utp:android-test-plugin-host-logcat-proto:31.7.3) with InstrumentationAnalysisTransform
Transforming android-test-plugin-host-apk-installer-proto-31.7.3.jar (com.android.tools.utp:android-test-plugin-host-apk-installer-proto:31.7.3) with InstrumentationAnalysisTransform
Transforming android-test-plugin-host-retention-proto-31.7.3.jar (com.android.tools.utp:android-test-plugin-host-retention-proto:31.7.3) with InstrumentationAnalysisTransform
Transforming android-test-plugin-result-listener-gradle-proto-31.7.3.jar (com.android.tools.utp:android-test-plugin-result-listener-gradle-proto:31.7.3) with InstrumentationAnalysisTransform
Transforming builder-model-8.7.3.jar (com.android.tools.build:builder-model:8.7.3) with InstrumentationAnalysisTransform
Transforming dvlib-31.7.3.jar (com.android.tools:dvlib:31.7.3) with InstrumentationAnalysisTransform
Transforming common-31.7.3.jar (com.android.tools:common:31.7.3) with InstrumentationAnalysisTransform
Transforming jetifier-processor-1.0.0-beta10.jar (com.android.tools.build.jetifier:jetifier-processor:1.0.0-beta10) with InstrumentationAnalysisTransform
Transforming jetifier-core-1.0.0-beta10.jar (com.android.tools.build.jetifier:jetifier-core:1.0.0-beta10) with InstrumentationAnalysisTransform
Transforming kotlin-reflect-1.9.20.jar (org.jetbrains.kotlin:kotlin-reflect:1.9.20) with InstrumentationAnalysisTransform
Transforming kotlin-stdlib-jdk7-1.9.20.jar (org.jetbrains.kotlin:kotlin-stdlib-jdk7:1.9.20) with InstrumentationAnalysisTransform
Transforming kotlin-stdlib-1.9.20.jar (org.jetbrains.kotlin:kotlin-stdlib:1.9.20) with InstrumentationAnalysisTransform
Transforming kotlin-stdlib-jdk8-1.9.20.jar (org.jetbrains.kotlin:kotlin-stdlib-jdk8:1.9.20) with InstrumentationAnalysisTransform
Transforming transform-api-2.0.0-deprecated-use-gradle-api.jar (com.android.tools.build:transform-api:2.0.0-deprecated-use-gradle-api) with InstrumentationAnalysisTransform
Transforming httpmime-4.5.6.jar (org.apache.httpcomponents:httpmime:4.5.6) with InstrumentationAnalysisTransform
Transforming commons-io-2.13.0.jar (commons-io:commons-io:2.13.0) with InstrumentationAnalysisTransform
Transforming asm-commons-9.6.jar (org.ow2.asm:asm-commons:9.6) with InstrumentationAnalysisTransform
Transforming asm-util-9.6.jar (org.ow2.asm:asm-util:9.6) with InstrumentationAnalysisTransform
Transforming asm-analysis-9.6.jar (org.ow2.asm:asm-analysis:9.6) with InstrumentationAnalysisTransform
Transforming asm-tree-9.6.jar (org.ow2.asm:asm-tree:9.6) with InstrumentationAnalysisTransform
Transforming asm-9.6.jar (org.ow2.asm:asm:9.6) with InstrumentationAnalysisTransform
Transforming apkzlib-8.7.3.jar (com.android.tools.build:apkzlib:8.7.3) with InstrumentationAnalysisTransform
Transforming bcpkix-jdk18on-1.77.jar (org.bouncycastle:bcpkix-jdk18on:1.77) with InstrumentationAnalysisTransform
Transforming jaxb-runtime-2.3.2.jar (org.glassfish.jaxb:jaxb-runtime:2.3.2) with InstrumentationAnalysisTransform
Transforming jopt-simple-4.9.jar (net.sf.jopt-simple:jopt-simple:4.9) with InstrumentationAnalysisTransform
Transforming javapoet-1.10.0.jar (com.squareup:javapoet:1.10.0) with InstrumentationAnalysisTransform
Transforming protobuf-java-util-3.22.3.jar (com.google.protobuf:protobuf-java-util:3.22.3) with InstrumentationAnalysisTransform
Transforming grpc-protobuf-1.57.0.jar (io.grpc:grpc-protobuf:1.57.0) with InstrumentationAnalysisTransform
Transforming tink-1.7.0.jar (com.google.crypto.tink:tink:1.7.0) with InstrumentationAnalysisTransform
Transforming protos-31.7.3.jar (com.android.tools.analytics-library:protos:31.7.3) with InstrumentationAnalysisTransform
Transforming proto-google-common-protos-2.17.0.jar (com.google.api.grpc:proto-google-common-protos:2.17.0) with InstrumentationAnalysisTransform
Transforming protobuf-java-3.22.3.jar (com.google.protobuf:protobuf-java:3.22.3) with InstrumentationAnalysisTransform
Transforming grpc-netty-1.57.0.jar (io.grpc:grpc-netty:1.57.0) with InstrumentationAnalysisTransform
Transforming grpc-core-1.57.0.jar (io.grpc:grpc-core:1.57.0) with InstrumentationAnalysisTransform
Transforming gson-2.10.1.jar (com.google.code.gson:gson:2.10.1) with InstrumentationAnalysisTransform
Transforming grpc-stub-1.57.0.jar (io.grpc:grpc-stub:1.57.0) with InstrumentationAnalysisTransform
Transforming core-proto-0.0.9-alpha02.jar (com.google.testing.platform:core-proto:0.0.9-alpha02) with InstrumentationAnalysisTransform
Transforming tensorflow-lite-metadata-0.1.0-rc2.jar (org.tensorflow:tensorflow-lite-metadata:0.1.0-rc2) with InstrumentationAnalysisTransform
Transforming flatbuffers-java-1.12.0.jar (com.google.flatbuffers:flatbuffers-java:1.12.0) with InstrumentationAnalysisTransform
Transforming jimfs-1.1.jar (com.google.jimfs:jimfs:1.1) with InstrumentationAnalysisTransform
Transforming grpc-context-1.57.0.jar (io.grpc:grpc-context:1.57.0) with InstrumentationAnalysisTransform
Transforming grpc-protobuf-lite-1.57.0.jar (io.grpc:grpc-protobuf-lite:1.57.0) with InstrumentationAnalysisTransform
Transforming grpc-api-1.57.0.jar (io.grpc:grpc-api:1.57.0) with InstrumentationAnalysisTransform
Transforming guava-32.0.1-jre.jar (com.google.guava:guava:32.0.1-jre) with InstrumentationAnalysisTransform
Caching disabled for InstrumentationAnalysisTransform: /home/runner/.gradle/caches/modules-2/files-2.1/com.android.tools/sdklib/31.7.3/adb7cac2ab282100e2b8b6d66b997a69ed06adf/sdklib-31.7.3.jar because:
  Build cache is disabled
  Caching not enabled.
Transforming dagger-2.28.3.jar (com.google.dagger:dagger:2.28.3) with InstrumentationAnalysisTransform
Transforming javax.inject-1.jar (javax.inject:javax.inject:1) with InstrumentationAnalysisTransform
Transforming kxml2-2.3.0.jar (net.sf.kxml:kxml2:2.3.0) with InstrumentationAnalysisTransform
Transforming bcutil-jdk18on-1.77.jar (org.bouncycastle:bcutil-jdk18on:1.77) with InstrumentationAnalysisTransform
Transforming bcprov-jdk18on-1.77.jar (org.bouncycastle:bcprov-jdk18on:1.77) with InstrumentationAnalysisTransform
Transforming trove4j-1.0.20200330.jar (org.jetbrains.intellij.deps:trove4j:1.0.20200330) with InstrumentationAnalysisTransform
Transforming commons-compress-1.21.jar (org.apache.commons:commons-compress:1.21) with InstrumentationAnalysisTransform
Transforming httpclient-4.5.14.jar (org.apache.httpcomponents:httpclient:4.5.14) with InstrumentationAnalysisTransform
Transforming httpcore-4.4.16.jar (org.apache.httpcomponents:httpcore:4.4.16) with InstrumentationAnalysisTransform
Transforming javax.activation-1.2.0.jar (com.sun.activation:javax.activation:1.2.0) with InstrumentationAnalysisTransform
Transforming annotations-23.0.0.jar (org.jetbrains:annotations:23.0.0) with InstrumentationAnalysisTransform
Transforming signflinger-8.7.3.jar (com.android:signflinger:8.7.3) with InstrumentationAnalysisTransform
Transforming zipflinger-8.7.3.jar (com.android:zipflinger:8.7.3) with InstrumentationAnalysisTransform
Transforming annotations-31.7.3.jar (com.android.tools:annotations:31.7.3) with InstrumentationAnalysisTransform
Transforming jna-platform-5.6.0.jar (net.java.dev.jna:jna-platform:5.6.0) with InstrumentationAnalysisTransform
Transforming juniversalchardet-1.0.3.jar (com.googlecode.juniversalchardet:juniversalchardet:1.0.3) with InstrumentationAnalysisTransform
Transforming javax.annotation-api-1.3.2.jar (javax.annotation:javax.annotation-api:1.3.2) with InstrumentationAnalysisTransform
Transforming stax-ex-1.8.1.jar (org.jvnet.staxex:stax-ex:1.8.1) with InstrumentationAnalysisTransform
Transforming jakarta.xml.bind-api-2.3.2.jar (jakarta.xml.bind:jakarta.xml.bind-api:2.3.2) with InstrumentationAnalysisTransform
Transforming txw2-2.3.2.jar (org.glassfish.jaxb:txw2:2.3.2) with InstrumentationAnalysisTransform
Transforming istack-commons-runtime-3.0.8.jar (com.sun.istack:istack-commons-runtime:3.0.8) with InstrumentationAnalysisTransform
Transforming FastInfoset-1.2.16.jar (com.sun.xml.fastinfoset:FastInfoset:1.2.16) with InstrumentationAnalysisTransform
Transforming jakarta.activation-api-1.2.1.jar (jakarta.activation:jakarta.activation-api:1.2.1) with InstrumentationAnalysisTransform
Transforming auto-value-annotations-1.6.2.jar (com.google.auto.value:auto-value-annotations:1.6.2) with InstrumentationAnalysisTransform
Transforming error_prone_annotations-2.18.0.jar (com.google.errorprone:error_prone_annotations:2.18.0) with InstrumentationAnalysisTransform
Transforming jose4j-0.9.5.jar (org.bitbucket.b_c:jose4j:0.9.5) with InstrumentationAnalysisTransform
Transforming slf4j-api-1.7.30.jar (org.slf4j:slf4j-api:1.7.30) with InstrumentationAnalysisTransform
Caching disabled for InstrumentationAnalysisTransform: /home/runner/.gradle/caches/modules-2/files-2.1/com.android.tools/repository/31.7.3/97e2e59d682d3f40706ec140f74e784bca0dc6dc/repository-31.7.3.jar because:
  Build cache is disabled
  Caching not enabled.
Transforming jdom2-2.0.6.jar (org.jdom:jdom2:2.0.6) with InstrumentationAnalysisTransform
Transforming jsr305-3.0.2.jar (com.google.code.findbugs:jsr305:3.0.2) with InstrumentationAnalysisTransform
Transforming j2objc-annotations-2.8.jar (com.google.j2objc:j2objc-annotations:2.8) with InstrumentationAnalysisTransform
Transforming annotations-4.1.1.4.jar (com.google.android:annotations:4.1.1.4) with InstrumentationAnalysisTransform
Transforming animal-sniffer-annotations-1.23.jar (org.codehaus.mojo:animal-sniffer-annotations:1.23) with InstrumentationAnalysisTransform
Transforming perfmark-api-0.26.0.jar (io.perfmark:perfmark-api:0.26.0) with InstrumentationAnalysisTransform
Transforming netty-codec-http2-4.1.93.Final.jar (io.netty:netty-codec-http2:4.1.93.Final) with InstrumentationAnalysisTransform
Transforming netty-handler-proxy-4.1.93.Final.jar (io.netty:netty-handler-proxy:4.1.93.Final) with InstrumentationAnalysisTransform
Transforming netty-codec-http-4.1.93.Final.jar (io.netty:netty-codec-http:4.1.93.Final) with InstrumentationAnalysisTransform
Transforming netty-handler-4.1.93.Final.jar (io.netty:netty-handler:4.1.93.Final) with InstrumentationAnalysisTransform
Transforming netty-transport-native-unix-common-4.1.93.Final.jar (io.netty:netty-transport-native-unix-common:4.1.93.Final) with InstrumentationAnalysisTransform
Transforming checker-qual-3.33.0.jar (org.checkerframework:checker-qual:3.33.0) with InstrumentationAnalysisTransform
Caching disabled for InstrumentationAnalysisTransform: /home/runner/.gradle/caches/modules-2/files-2.1/com.android.tools.build/gradle-api/8.7.3/7b90ce26dc62c0748b6de923ed76c50a91ab9b26/gradle-api-8.7.3.jar because:
  Build cache is disabled
  Caching not enabled.
Transforming commons-codec-1.11.jar (commons-codec:commons-codec:1.11) with InstrumentationAnalysisTransform
Transforming apksig-8.7.3.jar (com.android.tools.build:apksig:8.7.3) with InstrumentationAnalysisTransform
Transforming javawriter-2.5.0.jar (com.squareup:javawriter:2.5.0) with InstrumentationAnalysisTransform
Transforming failureaccess-1.0.1.jar (com.google.guava:failureaccess:1.0.1) with InstrumentationAnalysisTransform
Transforming listenablefuture-9999.0-empty-to-avoid-conflict-with-guava.jar (com.google.guava:listenablefuture:9999.0-empty-to-avoid-conflict-with-guava) with InstrumentationAnalysisTransform
Transforming commons-logging-1.2.jar (commons-logging:commons-logging:1.2) with InstrumentationAnalysisTransform
Transforming jna-5.6.0.jar (net.java.dev.jna:jna:5.6.0) with InstrumentationAnalysisTransform
Transforming netty-codec-socks-4.1.93.Final.jar (io.netty:netty-codec-socks:4.1.93.Final) with InstrumentationAnalysisTransform
Transforming netty-codec-4.1.93.Final.jar (io.netty:netty-codec:4.1.93.Final) with InstrumentationAnalysisTransform
Transforming netty-transport-4.1.93.Final.jar (io.netty:netty-transport:4.1.93.Final) with InstrumentationAnalysisTransform
Transforming netty-buffer-4.1.93.Final.jar (io.netty:netty-buffer:4.1.93.Final) with InstrumentationAnalysisTransform
Transforming netty-resolver-4.1.93.Final.jar (io.netty:netty-resolver:4.1.93.Final) with InstrumentationAnalysisTransform
Transforming netty-common-4.1.93.Final.jar (io.netty:netty-common:4.1.93.Final) with InstrumentationAnalysisTransform
Caching disabled for InstrumentationAnalysisTransform: /home/runner/.gradle/caches/modules-2/files-2.1/com.android.tools.build/builder-test-api/8.7.3/bed86f7492b4df193e3dd0217ea622c9fdb232d2/builder-test-api-8.7.3.jar because:
  Build cache is disabled
  Caching not enabled.
Caching disabled for InstrumentationAnalysisTransform: /home/runner/.gradle/caches/modules-2/files-2.1/com.android.tools.ddms/ddmlib/31.7.3/525b44de6936a7c487095652f014d0bfc84bb9ad/ddmlib-31.7.3.jar because:
  Build cache is disabled
  Caching not enabled.
Caching disabled for InstrumentationAnalysisTransform: /home/runner/.gradle/caches/modules-2/files-2.1/com.android.tools.build/aaptcompiler/8.7.3/899fa2a76cb7447343d3701de123186b65d63e92/aaptcompiler-8.7.3.jar because:
  Build cache is disabled
  Caching not enabled.
Caching disabled for InstrumentationAnalysisTransform: /home/runner/.gradle/caches/modules-2/files-2.1/com.android.tools.build/bundletool/1.17.1/267feb0f9bcff527cdf35a3544d77ad4d3e636dd/bundletool-1.17.1.jar because:
  Build cache is disabled
  Caching not enabled.
Caching disabled for InstrumentationAnalysisTransform: /home/runner/.gradle/caches/modules-2/files-2.1/com.android.tools.build/aapt2-proto/8.7.3-12006047/605bc2d642e5812469ff0333df1b65ead289ccd8/aapt2-proto-8.7.3-12006047.jar because:
  Build cache is disabled
  Caching not enabled.
Caching disabled for InstrumentationAnalysisTransform: /home/runner/.gradle/caches/modules-2/files-2.1/com.android.tools.analytics-library/crash/31.7.3/80c9f1f06e8d48d60fa91f4db811cf863e13c67f/crash-31.7.3.jar because:
  Build cache is disabled
  Caching not enabled.
Caching disabled for InstrumentationAnalysisTransform: /home/runner/.gradle/caches/modules-2/files-2.1/com.android.tools.analytics-library/tracker/31.7.3/4f92e4165dc453485633b1461e1b822451484000/tracker-31.7.3.jar because:
  Build cache is disabled
  Caching not enabled.
Caching disabled for InstrumentationAnalysisTransform: /home/runner/.gradle/caches/modules-2/files-2.1/com.android.tools.analytics-library/shared/31.7.3/c7741b6bc45fcd3e0bb9dc82739a84273922fb05/shared-31.7.3.jar because:
  Build cache is disabled
  Caching not enabled.
Caching disabled for InstrumentationAnalysisTransform: /home/runner/.gradle/caches/modules-2/files-2.1/com.android.tools.lint/lint-typedef-remover/31.7.3/644ab9b8a697ba83702c4e32eaaf95c504e1a522/lint-typedef-remover-31.7.3.jar because:
  Build cache is disabled
  Caching not enabled.
Caching disabled for InstrumentationAnalysisTransform: /home/runner/.gradle/caches/modules-2/files-2.1/androidx.databinding/databinding-compiler-common/8.7.3/72f4e6aa81b849277d5601b88a4c94b4ac73d3a2/databinding-compiler-common-8.7.3.jar because:
  Build cache is disabled
  Caching not enabled.
Caching disabled for InstrumentationAnalysisTransform: /home/runner/.gradle/caches/modules-2/files-2.1/androidx.databinding/databinding-common/8.7.3/2be3530b78477835e69dce953b17adc1dbc5c6fa/databinding-common-8.7.3.jar because:
  Build cache is disabled
  Caching not enabled.
Caching disabled for InstrumentationAnalysisTransform: /home/runner/.gradle/caches/modules-2/files-2.1/com.android.databinding/baseLibrary/8.7.3/7e7399239e52d4069896277615e005add7ae8e5a/baseLibrary-8.7.3.jar because:
  Build cache is disabled
  Caching not enabled.
Caching disabled for InstrumentationAnalysisTransform: /home/runner/.gradle/caches/modules-2/files-2.1/com.android.tools.layoutlib/layoutlib-api/31.7.3/6abada4555fa60825ea5f353443a7e561445c4f0/layoutlib-api-31.7.3.jar because:
  Build cache is disabled
  Caching not enabled.
Caching disabled for InstrumentationAnalysisTransform: /home/runner/.gradle/caches/modules-2/files-2.1/com.android.tools.utp/android-device-provider-ddmlib-proto/31.7.3/732647a1df2d9405dbbc944ccb1a9153d7dc3e3a/android-device-provider-ddmlib-proto-31.7.3.jar because:
  Build cache is disabled
  Caching not enabled.
Caching disabled for InstrumentationAnalysisTransform: /home/runner/.gradle/caches/modules-2/files-2.1/com.android.tools.utp/android-device-provider-gradle-proto/31.7.3/9f4923a6c0e213f00c1cc31720d1535f2d8517fe/android-device-provider-gradle-proto-31.7.3.jar because:
  Build cache is disabled
  Caching not enabled.
Caching disabled for InstrumentationAnalysisTransform: /home/runner/.gradle/caches/modules-2/files-2.1/com.android.tools.utp/android-device-provider-profile-proto/31.7.3/5d4fe489b09ee45524d665a175aad834ecf2c81d/android-device-provider-profile-proto-31.7.3.jar because:
  Build cache is disabled
  Caching not enabled.
Caching disabled for InstrumentationAnalysisTransform: /home/runner/.gradle/caches/modules-2/files-2.1/com.android.tools.utp/android-test-plugin-host-additional-test-output-proto/31.7.3/c02332c53d95a3e0ccd7ad9d6d97f8fec5d1a469/android-test-plugin-host-additional-test-output-proto-31.7.3.jar because:
  Build cache is disabled
  Caching not enabled.
Caching disabled for InstrumentationAnalysisTransform: /home/runner/.gradle/caches/modules-2/files-2.1/com.android.tools.utp/android-test-plugin-host-coverage-proto/31.7.3/c780344aab70a33c454ad697295e12278fed16db/android-test-plugin-host-coverage-proto-31.7.3.jar because:
  Build cache is disabled
  Caching not enabled.
Caching disabled for InstrumentationAnalysisTransform: /home/runner/.gradle/caches/modules-2/files-2.1/com.android.tools.utp/android-test-plugin-host-emulator-control-proto/31.7.3/faaddb0258a839e6ab89fe2acbe20ce29b403b43/android-test-plugin-host-emulator-control-proto-31.7.3.jar because:
  Build cache is disabled
  Caching not enabled.
Caching disabled for InstrumentationAnalysisTransform: /home/runner/.gradle/caches/modules-2/files-2.1/com.android.tools.utp/android-test-plugin-host-logcat-proto/31.7.3/d8f873c14c5c65746b97801c2c6cae506d0b3d29/android-test-plugin-host-logcat-proto-31.7.3.jar because:
  Build cache is disabled
  Caching not enabled.
Caching disabled for InstrumentationAnalysisTransform: /home/runner/.gradle/caches/modules-2/files-2.1/com.android.tools.utp/android-test-plugin-host-apk-installer-proto/31.7.3/695cf71232626eeca4d84f72314196b270ca1c11/android-test-plugin-host-apk-installer-proto-31.7.3.jar because:
  Build cache is disabled
  Caching not enabled.
Caching disabled for InstrumentationAnalysisTransform: /home/runner/.gradle/caches/modules-2/files-2.1/com.android.tools.utp/android-test-plugin-host-retention-proto/31.7.3/8ef946d4477f3b40b3bcb7d151131483b6d77d67/android-test-plugin-host-retention-proto-31.7.3.jar because:
  Build cache is disabled
  Caching not enabled.
Caching disabled for InstrumentationAnalysisTransform: /home/runner/.gradle/caches/modules-2/files-2.1/com.android.tools.utp/android-test-plugin-result-listener-gradle-proto/31.7.3/f51d5e35aa252438265500d79fc2d314b7555b94/android-test-plugin-result-listener-gradle-proto-31.7.3.jar because:
  Build cache is disabled
  Caching not enabled.
Caching disabled for InstrumentationAnalysisTransform: /home/runner/.gradle/caches/modules-2/files-2.1/com.android.tools.build/builder-model/8.7.3/149bea893f64cd61fe89b519550bf779e4314e94/builder-model-8.7.3.jar because:
  Build cache is disabled
  Caching not enabled.
Caching disabled for InstrumentationAnalysisTransform: /home/runner/.gradle/caches/modules-2/files-2.1/com.android.tools/dvlib/31.7.3/2632b8524a1f8673e394f5e8477172884d90ed3f/dvlib-31.7.3.jar because:
  Build cache is disabled
  Caching not enabled.
Caching disabled for InstrumentationAnalysisTransform: /home/runner/.gradle/caches/modules-2/files-2.1/com.android.tools/common/31.7.3/c3df7b51ee1a72acf051e0e5efbeb8023fb4ea57/common-31.7.3.jar because:
  Build cache is disabled
  Caching not enabled.
Caching disabled for InstrumentationAnalysisTransform: /home/runner/.gradle/caches/modules-2/files-2.1/com.android.tools.build.jetifier/jetifier-processor/1.0.0-beta10/946c39eb0c052ff4f60a8939648a8b99af20d604/jetifier-processor-1.0.0-beta10.jar because:
  Build cache is disabled
  Caching not enabled.
Caching disabled for InstrumentationAnalysisTransform: /home/runner/.gradle/caches/modules-2/files-2.1/com.android.tools.build.jetifier/jetifier-core/1.0.0-beta10/6e621022a9c95af12a7004d6b55805bbd1126837/jetifier-core-1.0.0-beta10.jar because:
  Build cache is disabled
  Caching not enabled.
Caching disabled for InstrumentationAnalysisTransform: /home/runner/.gradle/caches/modules-2/files-2.1/org.jetbrains.kotlin/kotlin-reflect/1.9.20/34eeb4eed5f493cdbb760ef50a5653ec414006bf/kotlin-reflect-1.9.20.jar because:
  Build cache is disabled
  Caching not enabled.
Caching disabled for InstrumentationAnalysisTransform: /home/runner/.gradle/caches/modules-2/files-2.1/org.jetbrains.kotlin/kotlin-stdlib-jdk7/1.9.20/8b4b73f4e08efaae93fc01d8c6eaab58a72d2ab3/kotlin-stdlib-jdk7-1.9.20.jar because:
  Build cache is disabled
  Caching not enabled.
Caching disabled for InstrumentationAnalysisTransform: /home/runner/.gradle/caches/modules-2/files-2.1/org.jetbrains.kotlin/kotlin-stdlib/1.9.20/e58b4816ac517e9cc5df1db051120c63d4cde669/kotlin-stdlib-1.9.20.jar because:
  Build cache is disabled
  Caching not enabled.
Caching disabled for InstrumentationAnalysisTransform: /home/runner/.gradle/caches/modules-2/files-2.1/org.jetbrains.kotlin/kotlin-stdlib-jdk8/1.9.20/e2b4d1f475ae0606d063a84fce4dccdb45c7e12a/kotlin-stdlib-jdk8-1.9.20.jar because:
  Build cache is disabled
  Caching not enabled.
Caching disabled for InstrumentationAnalysisTransform: /home/runner/.gradle/caches/modules-2/files-2.1/com.android.tools.build/transform-api/2.0.0-deprecated-use-gradle-api/47f6c56527c42425742fa9b56ffd3fd80763fe03/transform-api-2.0.0-deprecated-use-gradle-api.jar because:
  Build cache is disabled
  Caching not enabled.
Caching disabled for InstrumentationAnalysisTransform: /home/runner/.gradle/caches/modules-2/files-2.1/org.apache.httpcomponents/httpmime/4.5.6/164343da11db817e81e24e0d9869527e069850c9/httpmime-4.5.6.jar because:
  Build cache is disabled
  Caching not enabled.
Caching disabled for InstrumentationAnalysisTransform: /home/runner/.gradle/caches/modules-2/files-2.1/commons-io/commons-io/2.13.0/8bb2bc9b4df17e2411533a0708a69f983bf5e83b/commons-io-2.13.0.jar because:
  Build cache is disabled
  Caching not enabled.
Caching disabled for InstrumentationAnalysisTransform: /home/runner/.gradle/caches/modules-2/files-2.1/org.ow2.asm/asm-commons/9.6/f1a9e5508eff490744144565c47326c8648be309/asm-commons-9.6.jar because:
  Build cache is disabled
  Caching not enabled.
Caching disabled for InstrumentationAnalysisTransform: /home/runner/.gradle/caches/modules-2/files-2.1/org.ow2.asm/asm-util/9.6/f77caf84eb93786a749b2baa40865b9613e3eaee/asm-util-9.6.jar because:
  Build cache is disabled
  Caching not enabled.
Caching disabled for InstrumentationAnalysisTransform: /home/runner/.gradle/caches/modules-2/files-2.1/org.ow2.asm/asm-analysis/9.6/9ce6c7b174bd997fc2552dff47964546bd7a5ec3/asm-analysis-9.6.jar because:
  Build cache is disabled
  Caching not enabled.
Caching disabled for InstrumentationAnalysisTransform: /home/runner/.gradle/caches/modules-2/files-2.1/org.ow2.asm/asm-tree/9.6/c0cdda9d211e965d2a4448aa3fd86110f2f8c2de/asm-tree-9.6.jar because:
  Build cache is disabled
  Caching not enabled.
Caching disabled for InstrumentationAnalysisTransform: /home/runner/.gradle/caches/modules-2/files-2.1/org.ow2.asm/asm/9.6/aa205cf0a06dbd8e04ece91c0b37c3f5d567546a/asm-9.6.jar because:
  Build cache is disabled
  Caching not enabled.
Caching disabled for InstrumentationAnalysisTransform: /home/runner/.gradle/caches/modules-2/files-2.1/com.android.tools.build/apkzlib/8.7.3/d656b52facbb301b8bdc1e40a5ae008bcf335fe9/apkzlib-8.7.3.jar because:
  Build cache is disabled
  Caching not enabled.
Caching disabled for InstrumentationAnalysisTransform: /home/runner/.gradle/caches/modules-2/files-2.1/org.bouncycastle/bcpkix-jdk18on/1.77/ed953791ba0229747dd0fd9911e3d76a462acfd3/bcpkix-jdk18on-1.77.jar because:
  Build cache is disabled
  Caching not enabled.
Caching disabled for InstrumentationAnalysisTransform: /home/runner/.gradle/caches/modules-2/files-2.1/org.glassfish.jaxb/jaxb-runtime/2.3.2/5528bc882ea499a09d720b42af11785c4fc6be2a/jaxb-runtime-2.3.2.jar because:
  Build cache is disabled
  Caching not enabled.
Caching disabled for InstrumentationAnalysisTransform: /home/runner/.gradle/caches/modules-2/files-2.1/net.sf.jopt-simple/jopt-simple/4.9/ee9e9eaa0a35360dcfeac129ff4923215fd65904/jopt-simple-4.9.jar because:
  Build cache is disabled
  Caching not enabled.
Caching disabled for InstrumentationAnalysisTransform: /home/runner/.gradle/caches/modules-2/files-2.1/com.squareup/javapoet/1.10.0/712c178d35185d8261295913c9f2a7d6867a6007/javapoet-1.10.0.jar because:
  Build cache is disabled
  Caching not enabled.
Caching disabled for InstrumentationAnalysisTransform: /home/runner/.gradle/caches/modules-2/files-2.1/com.google.protobuf/protobuf-java-util/3.22.3/749cd4fe8ab52f37bc186193802ba19f5b284647/protobuf-java-util-3.22.3.jar because:
  Build cache is disabled
  Caching not enabled.
Caching disabled for InstrumentationAnalysisTransform: /home/runner/.gradle/caches/modules-2/files-2.1/io.grpc/grpc-protobuf/1.57.0/49986e40de6cbd14ba26247639b18ab0bac921c1/grpc-protobuf-1.57.0.jar because:
  Build cache is disabled
  Caching not enabled.
Caching disabled for InstrumentationAnalysisTransform: /home/runner/.gradle/caches/modules-2/files-2.1/com.google.crypto.tink/tink/1.7.0/668b57f109d32349b2870448f06ae6f202713edc/tink-1.7.0.jar because:
  Build cache is disabled
  Caching not enabled.
Caching disabled for InstrumentationAnalysisTransform: /home/runner/.gradle/caches/modules-2/files-2.1/com.android.tools.analytics-library/protos/31.7.3/71afde62826a0dd766603edb6ff96d291c138083/protos-31.7.3.jar because:
  Build cache is disabled
  Caching not enabled.
Caching disabled for InstrumentationAnalysisTransform: /home/runner/.gradle/caches/modules-2/files-2.1/com.google.api.grpc/proto-google-common-protos/2.17.0/7edf1e3aa96dc3861f7a8f24556c714e9c5b292/proto-google-common-protos-2.17.0.jar because:
  Build cache is disabled
  Caching not enabled.
Caching disabled for InstrumentationAnalysisTransform: /home/runner/.gradle/caches/modules-2/files-2.1/com.google.protobuf/protobuf-java/3.22.3/fdee98b8f6abab73f146a4edb4c09e56f8278d03/protobuf-java-3.22.3.jar because:
  Build cache is disabled
  Caching not enabled.
Caching disabled for InstrumentationAnalysisTransform: /home/runner/.gradle/caches/modules-2/files-2.1/io.grpc/grpc-netty/1.57.0/99cc01516c2fd1d134bf2585c2b38fa400804986/grpc-netty-1.57.0.jar because:
  Build cache is disabled
  Caching not enabled.
Caching disabled for InstrumentationAnalysisTransform: /home/runner/.gradle/caches/modules-2/files-2.1/io.grpc/grpc-core/1.57.0/2b6ef5166f31315098fff9bb85f33ab5fed58f6b/grpc-core-1.57.0.jar because:
  Build cache is disabled
  Caching not enabled.
Caching disabled for InstrumentationAnalysisTransform: /home/runner/.gradle/caches/modules-2/files-2.1/com.google.code.gson/gson/2.10.1/b3add478d4382b78ea20b1671390a858002feb6c/gson-2.10.1.jar because:
  Build cache is disabled
  Caching not enabled.
Caching disabled for InstrumentationAnalysisTransform: /home/runner/.gradle/caches/modules-2/files-2.1/io.grpc/grpc-stub/1.57.0/262e1469c080164d5e2459f4908394d66f4e8828/grpc-stub-1.57.0.jar because:
  Build cache is disabled
  Caching not enabled.
Caching disabled for InstrumentationAnalysisTransform: /home/runner/.gradle/caches/modules-2/files-2.1/com.google.testing.platform/core-proto/0.0.9-alpha02/ee54219cbb4a7fb83cdc528e9a85e0383f3ee726/core-proto-0.0.9-alpha02.jar because:
  Build cache is disabled
  Caching not enabled.
Caching disabled for InstrumentationAnalysisTransform: /home/runner/.gradle/caches/modules-2/files-2.1/org.tensorflow/tensorflow-lite-metadata/0.1.0-rc2/7aa9b3e16d85c2aae5eff741265315a37c9f731a/tensorflow-lite-metadata-0.1.0-rc2.jar because:
  Build cache is disabled
  Caching not enabled.
Caching disabled for InstrumentationAnalysisTransform: /home/runner/.gradle/caches/modules-2/files-2.1/com.google.flatbuffers/flatbuffers-java/1.12.0/8201cc7b511177a37071249e891f2f2fea4b32e9/flatbuffers-java-1.12.0.jar because:
  Build cache is disabled
  Caching not enabled.
Caching disabled for InstrumentationAnalysisTransform: /home/runner/.gradle/caches/modules-2/files-2.1/com.google.jimfs/jimfs/1.1/8fbd0579dc68aba6186935cc1bee21d2f3e7ec1c/jimfs-1.1.jar because:
  Build cache is disabled
  Caching not enabled.
Caching disabled for InstrumentationAnalysisTransform: /home/runner/.gradle/caches/modules-2/files-2.1/io.grpc/grpc-context/1.57.0/8d8f26a9b0bed637ee4592e1df3ef134ed2c54fd/grpc-context-1.57.0.jar because:
  Build cache is disabled
  Caching not enabled.
Caching disabled for InstrumentationAnalysisTransform: /home/runner/.gradle/caches/modules-2/files-2.1/io.grpc/grpc-protobuf-lite/1.57.0/ca0084219b71d29cd9bfc3b81780aca91a965753/grpc-protobuf-lite-1.57.0.jar because:
  Build cache is disabled
  Caching not enabled.
Caching disabled for InstrumentationAnalysisTransform: /home/runner/.gradle/caches/modules-2/files-2.1/io.grpc/grpc-api/1.57.0/768ab3e583b213a3672ec776e70765b594e8bbe5/grpc-api-1.57.0.jar because:
  Build cache is disabled
  Caching not enabled.
Caching disabled for InstrumentationAnalysisTransform: /home/runner/.gradle/caches/modules-2/files-2.1/com.google.guava/guava/32.0.1-jre/6e5d51a72d142f2d40a57dfb897188b36a95b489/guava-32.0.1-jre.jar because:
  Build cache is disabled
  Caching not enabled.
Caching disabled for InstrumentationAnalysisTransform: /home/runner/.gradle/caches/modules-2/files-2.1/com.google.dagger/dagger/2.28.3/10d83810ef9e19714116ed518896c90c6606d633/dagger-2.28.3.jar because:
  Build cache is disabled
  Caching not enabled.
Caching disabled for InstrumentationAnalysisTransform: /home/runner/.gradle/caches/modules-2/files-2.1/javax.inject/javax.inject/1/6975da39a7040257bd51d21a231b76c915872d38/javax.inject-1.jar because:
  Build cache is disabled
  Caching not enabled.
Caching disabled for InstrumentationAnalysisTransform: /home/runner/.gradle/caches/modules-2/files-2.1/net.sf.kxml/kxml2/2.3.0/ccbc77a5fd907ef863c29f3596c6f54ffa4e9442/kxml2-2.3.0.jar because:
  Build cache is disabled
  Caching not enabled.
Caching disabled for InstrumentationAnalysisTransform: /home/runner/.gradle/caches/modules-2/files-2.1/org.bouncycastle/bcutil-jdk18on/1.77/de3eaef351545fe8562cf29ddff4a403a45b49b7/bcutil-jdk18on-1.77.jar because:
  Build cache is disabled
  Caching not enabled.
Caching disabled for InstrumentationAnalysisTransform: /home/runner/.gradle/caches/modules-2/files-2.1/org.bouncycastle/bcprov-jdk18on/1.77/2cc971b6c20949c1ff98d1a4bc741ee848a09523/bcprov-jdk18on-1.77.jar because:
  Build cache is disabled
  Caching not enabled.
Caching disabled for InstrumentationAnalysisTransform: /home/runner/.gradle/caches/modules-2/files-2.1/org.jetbrains.intellij.deps/trove4j/1.0.20200330/3afb14d5f9ceb459d724e907a21145e8ff394f02/trove4j-1.0.20200330.jar because:
  Build cache is disabled
  Caching not enabled.
Caching disabled for InstrumentationAnalysisTransform: /home/runner/.gradle/caches/modules-2/files-2.1/org.apache.commons/commons-compress/1.21/4ec95b60d4e86b5c95a0e919cb172a0af98011ef/commons-compress-1.21.jar because:
  Build cache is disabled
  Caching not enabled.
Caching disabled for InstrumentationAnalysisTransform: /home/runner/.gradle/caches/modules-2/files-2.1/org.apache.httpcomponents/httpclient/4.5.14/1194890e6f56ec29177673f2f12d0b8e627dec98/httpclient-4.5.14.jar because:
  Build cache is disabled
  Caching not enabled.
Caching disabled for InstrumentationAnalysisTransform: /home/runner/.gradle/caches/modules-2/files-2.1/org.apache.httpcomponents/httpcore/4.4.16/51cf043c87253c9f58b539c9f7e44c8894223850/httpcore-4.4.16.jar because:
  Build cache is disabled
  Caching not enabled.
Caching disabled for InstrumentationAnalysisTransform: /home/runner/.gradle/caches/modules-2/files-2.1/com.sun.activation/javax.activation/1.2.0/bf744c1e2776ed1de3c55c8dac1057ec331ef744/javax.activation-1.2.0.jar because:
  Build cache is disabled
  Caching not enabled.
Caching disabled for InstrumentationAnalysisTransform: /home/runner/.gradle/caches/modules-2/files-2.1/org.jetbrains/annotations/23.0.0/8cc20c07506ec18e0834947b84a864bfc094484e/annotations-23.0.0.jar because:
  Build cache is disabled
  Caching not enabled.
Caching disabled for InstrumentationAnalysisTransform: /home/runner/.gradle/caches/modules-2/files-2.1/com.android/signflinger/8.7.3/13f035dd8e7e470ff8f3216a0b46333187f26df5/signflinger-8.7.3.jar because:
  Build cache is disabled
  Caching not enabled.
Caching disabled for InstrumentationAnalysisTransform: /home/runner/.gradle/caches/modules-2/files-2.1/com.android/zipflinger/8.7.3/de8e3267995699af356740cf562cbedb485f5763/zipflinger-8.7.3.jar because:
  Build cache is disabled
  Caching not enabled.
Caching disabled for InstrumentationAnalysisTransform: /home/runner/.gradle/caches/modules-2/files-2.1/net.java.dev.jna/jna-platform/5.6.0/d18424ffb8bbfd036d71bcaab9b546858f2ef986/jna-platform-5.6.0.jar because:
  Build cache is disabled
  Caching not enabled.
Caching disabled for InstrumentationAnalysisTransform: /home/runner/.gradle/caches/modules-2/files-2.1/com.android.tools/annotations/31.7.3/1946e7f75bc1615b4abfc0f83899934dfcbdf1fc/annotations-31.7.3.jar because:
  Build cache is disabled
  Caching not enabled.
Caching disabled for InstrumentationAnalysisTransform: /home/runner/.gradle/caches/modules-2/files-2.1/com.googlecode.juniversalchardet/juniversalchardet/1.0.3/cd49678784c46aa8789c060538e0154013bb421b/juniversalchardet-1.0.3.jar because:
  Build cache is disabled
  Caching not enabled.
Caching disabled for InstrumentationAnalysisTransform: /home/runner/.gradle/caches/modules-2/files-2.1/javax.annotation/javax.annotation-api/1.3.2/934c04d3cfef185a8008e7bf34331b79730a9d43/javax.annotation-api-1.3.2.jar because:
  Build cache is disabled
  Caching not enabled.
Caching disabled for InstrumentationAnalysisTransform: /home/runner/.gradle/caches/modules-2/files-2.1/org.jvnet.staxex/stax-ex/1.8.1/78011e483a21102fb4858f3e8f269a677e50aa23/stax-ex-1.8.1.jar because:
  Build cache is disabled
  Caching not enabled.
Caching disabled for InstrumentationAnalysisTransform: /home/runner/.gradle/caches/modules-2/files-2.1/jakarta.xml.bind/jakarta.xml.bind-api/2.3.2/8d49996a4338670764d7ca4b85a1c4ccf7fe665d/jakarta.xml.bind-api-2.3.2.jar because:
  Build cache is disabled
  Caching not enabled.
Caching disabled for InstrumentationAnalysisTransform: /home/runner/.gradle/caches/modules-2/files-2.1/org.glassfish.jaxb/txw2/2.3.2/ce5be7da2e442c25ec14c766cb60cb802741727b/txw2-2.3.2.jar because:
  Build cache is disabled
  Caching not enabled.
Caching disabled for InstrumentationAnalysisTransform: /home/runner/.gradle/caches/modules-2/files-2.1/com.sun.istack/istack-commons-runtime/3.0.8/d6a97364045aa6b99bf2d3c566a3f98599c2d296/istack-commons-runtime-3.0.8.jar because:
  Build cache is disabled
  Caching not enabled.
Caching disabled for InstrumentationAnalysisTransform: /home/runner/.gradle/caches/modules-2/files-2.1/com.sun.xml.fastinfoset/FastInfoset/1.2.16/4eb6a0adad553bf759ffe86927df6f3b848c8bea/FastInfoset-1.2.16.jar because:
  Build cache is disabled
  Caching not enabled.
Caching disabled for InstrumentationAnalysisTransform: /home/runner/.gradle/caches/modules-2/files-2.1/jakarta.activation/jakarta.activation-api/1.2.1/562a587face36ec7eff2db7f2fc95425c6602bc1/jakarta.activation-api-1.2.1.jar because:
  Build cache is disabled
  Caching not enabled.
Caching disabled for InstrumentationAnalysisTransform: /home/runner/.gradle/caches/modules-2/files-2.1/com.google.auto.value/auto-value-annotations/1.6.2/ed193d86e0af90cc2342aedbe73c5d86b03fa09b/auto-value-annotations-1.6.2.jar because:
  Build cache is disabled
  Caching not enabled.
Caching disabled for InstrumentationAnalysisTransform: /home/runner/.gradle/caches/modules-2/files-2.1/com.google.errorprone/error_prone_annotations/2.18.0/89b684257096f548fa39a7df9fdaa409d4d4df91/error_prone_annotations-2.18.0.jar because:
  Build cache is disabled
  Caching not enabled.
Caching disabled for InstrumentationAnalysisTransform: /home/runner/.gradle/caches/modules-2/files-2.1/org.bitbucket.b_c/jose4j/0.9.5/e4ca26802488e6f16e24558d74ac8775a955fdd3/jose4j-0.9.5.jar because:
  Build cache is disabled
  Caching not enabled.
Caching disabled for InstrumentationAnalysisTransform: /home/runner/.gradle/caches/modules-2/files-2.1/org.slf4j/slf4j-api/1.7.30/b5a4b6d16ab13e34a88fae84c35cd5d68cac922c/slf4j-api-1.7.30.jar because:
  Build cache is disabled
  Caching not enabled.
Caching disabled for InstrumentationAnalysisTransform: /home/runner/.gradle/caches/modules-2/files-2.1/org.jdom/jdom2/2.0.6/6f14738ec2e9dd0011e343717fa624a10f8aab64/jdom2-2.0.6.jar because:
  Build cache is disabled
  Caching not enabled.
Caching disabled for InstrumentationAnalysisTransform: /home/runner/.gradle/caches/modules-2/files-2.1/com.google.code.findbugs/jsr305/3.0.2/25ea2e8b0c338a877313bd4672d3fe056ea78f0d/jsr305-3.0.2.jar because:
  Build cache is disabled
  Caching not enabled.
Caching disabled for InstrumentationAnalysisTransform: /home/runner/.gradle/caches/modules-2/files-2.1/com.google.j2objc/j2objc-annotations/2.8/c85270e307e7b822f1086b93689124b89768e273/j2objc-annotations-2.8.jar because:
  Build cache is disabled
  Caching not enabled.
Caching disabled for InstrumentationAnalysisTransform: /home/runner/.gradle/caches/modules-2/files-2.1/com.google.android/annotations/4.1.1.4/a1678ba907bf92691d879fef34e1a187038f9259/annotations-4.1.1.4.jar because:
  Build cache is disabled
  Caching not enabled.
Caching disabled for InstrumentationAnalysisTransform: /home/runner/.gradle/caches/modules-2/files-2.1/org.codehaus.mojo/animal-sniffer-annotations/1.23/3c0daebd5f0e1ce72cc50c818321ac957aeb5d70/animal-sniffer-annotations-1.23.jar because:
  Build cache is disabled
  Caching not enabled.
Caching disabled for InstrumentationAnalysisTransform: /home/runner/.gradle/caches/modules-2/files-2.1/io.perfmark/perfmark-api/0.26.0/ef65452adaf20bf7d12ef55913aba24037b82738/perfmark-api-0.26.0.jar because:
  Build cache is disabled
  Caching not enabled.
Caching disabled for InstrumentationAnalysisTransform: /home/runner/.gradle/caches/modules-2/files-2.1/io.netty/netty-handler-proxy/4.1.93.Final/c165c1efe1b9c0cc22546a057b530611a088768b/netty-handler-proxy-4.1.93.Final.jar because:
  Build cache is disabled
  Caching not enabled.
Caching disabled for InstrumentationAnalysisTransform: /home/runner/.gradle/caches/modules-2/files-2.1/io.netty/netty-codec-http2/4.1.93.Final/f1625b43bde13ec057da0d2fe381ded2547a70e/netty-codec-http2-4.1.93.Final.jar because:
  Build cache is disabled
  Caching not enabled.
Caching disabled for InstrumentationAnalysisTransform: /home/runner/.gradle/caches/modules-2/files-2.1/io.netty/netty-codec-http/4.1.93.Final/36acf0c94d03eb6ecef78a749a32cbb7dc0c57b4/netty-codec-http-4.1.93.Final.jar because:
  Build cache is disabled
  Caching not enabled.
Caching disabled for InstrumentationAnalysisTransform: /home/runner/.gradle/caches/modules-2/files-2.1/io.netty/netty-handler/4.1.93.Final/10f7ed9d8e1bfcba416074c70e5388be96116bfc/netty-handler-4.1.93.Final.jar because:
  Build cache is disabled
  Caching not enabled.
Caching disabled for InstrumentationAnalysisTransform: /home/runner/.gradle/caches/modules-2/files-2.1/io.netty/netty-transport-native-unix-common/4.1.93.Final/f4fb8b4c8da539091f43abcbb9f0389e48807eea/netty-transport-native-unix-common-4.1.93.Final.jar because:
  Build cache is disabled
  Caching not enabled.
Caching disabled for InstrumentationAnalysisTransform: /home/runner/.gradle/caches/modules-2/files-2.1/org.checkerframework/checker-qual/3.33.0/de2b60b62da487644fc11f734e73c8b0b431238f/checker-qual-3.33.0.jar because:
  Build cache is disabled
  Caching not enabled.
Caching disabled for InstrumentationAnalysisTransform: /home/runner/.gradle/caches/modules-2/files-2.1/commons-codec/commons-codec/1.11/3acb4705652e16236558f0f4f2192cc33c3bd189/commons-codec-1.11.jar because:
  Build cache is disabled
  Caching not enabled.
Caching disabled for InstrumentationAnalysisTransform: /home/runner/.gradle/caches/modules-2/files-2.1/com.android.tools.build/apksig/8.7.3/f005788487574c7d6ba23dea63bf8cb3a4f164a6/apksig-8.7.3.jar because:
  Build cache is disabled
  Caching not enabled.
Caching disabled for InstrumentationAnalysisTransform: /home/runner/.gradle/caches/modules-2/files-2.1/com.squareup/javawriter/2.5.0/81241ff7078ef14f42ea2a8995fa09c096256e6b/javawriter-2.5.0.jar because:
  Build cache is disabled
  Caching not enabled.
Caching disabled for InstrumentationAnalysisTransform: /home/runner/.gradle/caches/modules-2/files-2.1/com.google.guava/failureaccess/1.0.1/1dcf1de382a0bf95a3d8b0849546c88bac1292c9/failureaccess-1.0.1.jar because:
  Build cache is disabled
  Caching not enabled.
Caching disabled for InstrumentationAnalysisTransform: /home/runner/.gradle/caches/modules-2/files-2.1/com.google.guava/listenablefuture/9999.0-empty-to-avoid-conflict-with-guava/b421526c5f297295adef1c886e5246c39d4ac629/listenablefuture-9999.0-empty-to-avoid-conflict-with-guava.jar because:
  Build cache is disabled
  Caching not enabled.
Caching disabled for InstrumentationAnalysisTransform: /home/runner/.gradle/caches/modules-2/files-2.1/commons-logging/commons-logging/1.2/4bfc12adfe4842bf07b657f0369c4cb522955686/commons-logging-1.2.jar because:
  Build cache is disabled
  Caching not enabled.
Caching disabled for InstrumentationAnalysisTransform: /home/runner/.gradle/caches/modules-2/files-2.1/net.java.dev.jna/jna/5.6.0/330f2244e9030119ab3030fc3fededc86713d9cc/jna-5.6.0.jar because:
  Build cache is disabled
  Caching not enabled.
Caching disabled for InstrumentationAnalysisTransform: /home/runner/.gradle/caches/modules-2/files-2.1/io.netty/netty-codec/4.1.93.Final/503badb458b6586632be8d1f81aa4e5ab99a80fc/netty-codec-4.1.93.Final.jar because:
  Build cache is disabled
  Caching not enabled.
Caching disabled for InstrumentationAnalysisTransform: /home/runner/.gradle/caches/modules-2/files-2.1/io.netty/netty-codec-socks/4.1.93.Final/81ca78969afc60073e47c3b7b361cc3839392c73/netty-codec-socks-4.1.93.Final.jar because:
  Build cache is disabled
  Caching not enabled.
Caching disabled for InstrumentationAnalysisTransform: /home/runner/.gradle/caches/modules-2/files-2.1/io.netty/netty-transport/4.1.93.Final/1a0894915c8027ce83b4d6a811c4e765955efd15/netty-transport-4.1.93.Final.jar because:
  Build cache is disabled
  Caching not enabled.
Caching disabled for InstrumentationAnalysisTransform: /home/runner/.gradle/caches/modules-2/files-2.1/io.netty/netty-buffer/4.1.93.Final/87fac21f4ef95157866b07b48e3c707a2f13c581/netty-buffer-4.1.93.Final.jar because:
  Build cache is disabled
  Caching not enabled.
Caching disabled for InstrumentationAnalysisTransform: /home/runner/.gradle/caches/modules-2/files-2.1/io.netty/netty-resolver/4.1.93.Final/3860e99075f9e078364ed38f6d6fc8825b7a168a/netty-resolver-4.1.93.Final.jar because:
  Build cache is disabled
  Caching not enabled.
Caching disabled for InstrumentationAnalysisTransform: /home/runner/.gradle/caches/modules-2/files-2.1/io.netty/netty-common/4.1.93.Final/1cfc49b91b0d3ddb30c9f7d8467e5d02ae8babdf/netty-common-4.1.93.Final.jar because:
  Build cache is disabled
  Caching not enabled.
Transforming gradle-8.7.3.jar (com.android.tools.build:gradle:8.7.3) with InstrumentationAnalysisTransform
Transforming gradle-8.7.3.jar (com.android.tools.build:gradle:8.7.3) with MergeInstrumentationAnalysisTransform
Transforming gradle-settings-api-8.7.3.jar (com.android.tools.build:gradle-settings-api:8.7.3) with InstrumentationAnalysisTransform
Transforming gradle-settings-api-8.7.3.jar (com.android.tools.build:gradle-settings-api:8.7.3) with MergeInstrumentationAnalysisTransform
Transforming lint-model-31.7.3.jar (com.android.tools.lint:lint-model:31.7.3) with InstrumentationAnalysisTransform
Transforming lint-model-31.7.3.jar (com.android.tools.lint:lint-model:31.7.3) with MergeInstrumentationAnalysisTransform
Transforming builder-8.7.3.jar (com.android.tools.build:builder:8.7.3) with InstrumentationAnalysisTransform
Transforming builder-8.7.3.jar (com.android.tools.build:builder:8.7.3) with MergeInstrumentationAnalysisTransform
Transforming manifest-merger-31.7.3.jar (com.android.tools.build:manifest-merger:31.7.3) with InstrumentationAnalysisTransform
Caching disabled for MergeInstrumentationAnalysisTransform: /home/runner/.gradle/caches/8.9/transforms/f883c3394e6ab979d16b2b3b734b7579/transformed/.gradle-instrumented-classpath.marker because:
  Build cache is disabled
  Caching not enabled.
Transforming manifest-merger-31.7.3.jar (com.android.tools.build:manifest-merger:31.7.3) with MergeInstrumentationAnalysisTransform
Transforming sdk-common-31.7.3.jar (com.android.tools:sdk-common:31.7.3) with InstrumentationAnalysisTransform
Transforming sdk-common-31.7.3.jar (com.android.tools:sdk-common:31.7.3) with MergeInstrumentationAnalysisTransform
Transforming sdklib-31.7.3.jar (com.android.tools:sdklib:31.7.3) with InstrumentationAnalysisTransform
Transforming sdklib-31.7.3.jar (com.android.tools:sdklib:31.7.3) with MergeInstrumentationAnalysisTransform
Transforming repository-31.7.3.jar (com.android.tools:repository:31.7.3) with InstrumentationAnalysisTransform
Transforming repository-31.7.3.jar (com.android.tools:repository:31.7.3) with MergeInstrumentationAnalysisTransform
Transforming gradle-api-8.7.3.jar (com.android.tools.build:gradle-api:8.7.3) with InstrumentationAnalysisTransform
Transforming gradle-api-8.7.3.jar (com.android.tools.build:gradle-api:8.7.3) with MergeInstrumentationAnalysisTransform
Transforming builder-test-api-8.7.3.jar (com.android.tools.build:builder-test-api:8.7.3) with InstrumentationAnalysisTransform
Transforming builder-test-api-8.7.3.jar (com.android.tools.build:builder-test-api:8.7.3) with MergeInstrumentationAnalysisTransform
Transforming ddmlib-31.7.3.jar (com.android.tools.ddms:ddmlib:31.7.3) with InstrumentationAnalysisTransform
Transforming ddmlib-31.7.3.jar (com.android.tools.ddms:ddmlib:31.7.3) with MergeInstrumentationAnalysisTransform
Transforming aaptcompiler-8.7.3.jar (com.android.tools.build:aaptcompiler:8.7.3) with InstrumentationAnalysisTransform
Transforming aaptcompiler-8.7.3.jar (com.android.tools.build:aaptcompiler:8.7.3) with MergeInstrumentationAnalysisTransform
Transforming bundletool-1.17.1.jar (com.android.tools.build:bundletool:1.17.1) with InstrumentationAnalysisTransform
Transforming bundletool-1.17.1.jar (com.android.tools.build:bundletool:1.17.1) with MergeInstrumentationAnalysisTransform
Transforming aapt2-proto-8.7.3-12006047.jar (com.android.tools.build:aapt2-proto:8.7.3-12006047) with InstrumentationAnalysisTransform
Transforming aapt2-proto-8.7.3-12006047.jar (com.android.tools.build:aapt2-proto:8.7.3-12006047) with MergeInstrumentationAnalysisTransform
Transforming crash-31.7.3.jar (com.android.tools.analytics-library:crash:31.7.3) with InstrumentationAnalysisTransform
Transforming crash-31.7.3.jar (com.android.tools.analytics-library:crash:31.7.3) with MergeInstrumentationAnalysisTransform
Transforming tracker-31.7.3.jar (com.android.tools.analytics-library:tracker:31.7.3) with InstrumentationAnalysisTransform
Transforming tracker-31.7.3.jar (com.android.tools.analytics-library:tracker:31.7.3) with MergeInstrumentationAnalysisTransform
Transforming shared-31.7.3.jar (com.android.tools.analytics-library:shared:31.7.3) with InstrumentationAnalysisTransform
Transforming shared-31.7.3.jar (com.android.tools.analytics-library:shared:31.7.3) with MergeInstrumentationAnalysisTransform
Transforming lint-typedef-remover-31.7.3.jar (com.android.tools.lint:lint-typedef-remover:31.7.3) with InstrumentationAnalysisTransform
Transforming lint-typedef-remover-31.7.3.jar (com.android.tools.lint:lint-typedef-remover:31.7.3) with MergeInstrumentationAnalysisTransform
Transforming databinding-compiler-common-8.7.3.jar (androidx.databinding:databinding-compiler-common:8.7.3) with InstrumentationAnalysisTransform
Transforming databinding-compiler-common-8.7.3.jar (androidx.databinding:databinding-compiler-common:8.7.3) with MergeInstrumentationAnalysisTransform
Transforming databinding-common-8.7.3.jar (androidx.databinding:databinding-common:8.7.3) with InstrumentationAnalysisTransform
Caching disabled for MergeInstrumentationAnalysisTransform: /home/runner/.gradle/caches/8.9/transforms/dbc12afa28ae4fc41fbe0b0b92f39a64/transformed/analysis/instrumentation-hierarchy.bin because:
  Build cache is disabled
  Caching not enabled.
Transforming databinding-common-8.7.3.jar (androidx.databinding:databinding-common:8.7.3) with MergeInstrumentationAnalysisTransform
Transforming baseLibrary-8.7.3.jar (com.android.databinding:baseLibrary:8.7.3) with InstrumentationAnalysisTransform
Transforming baseLibrary-8.7.3.jar (com.android.databinding:baseLibrary:8.7.3) with MergeInstrumentationAnalysisTransform
Transforming layoutlib-api-31.7.3.jar (com.android.tools.layoutlib:layoutlib-api:31.7.3) with InstrumentationAnalysisTransform
Transforming layoutlib-api-31.7.3.jar (com.android.tools.layoutlib:layoutlib-api:31.7.3) with MergeInstrumentationAnalysisTransform
Transforming android-device-provider-ddmlib-proto-31.7.3.jar (com.android.tools.utp:android-device-provider-ddmlib-proto:31.7.3) with InstrumentationAnalysisTransform
Transforming android-device-provider-ddmlib-proto-31.7.3.jar (com.android.tools.utp:android-device-provider-ddmlib-proto:31.7.3) with MergeInstrumentationAnalysisTransform
Transforming android-device-provider-gradle-proto-31.7.3.jar (com.android.tools.utp:android-device-provider-gradle-proto:31.7.3) with InstrumentationAnalysisTransform
Transforming android-device-provider-gradle-proto-31.7.3.jar (com.android.tools.utp:android-device-provider-gradle-proto:31.7.3) with MergeInstrumentationAnalysisTransform
Transforming android-device-provider-profile-proto-31.7.3.jar (com.android.tools.utp:android-device-provider-profile-proto:31.7.3) with InstrumentationAnalysisTransform
Caching disabled for MergeInstrumentationAnalysisTransform: /home/runner/.gradle/caches/8.9/transforms/6585983755992705b0fd45a059a91bdb/transformed/analysis/instrumentation-hierarchy.bin because:
  Build cache is disabled
  Caching not enabled.
Transforming android-device-provider-profile-proto-31.7.3.jar (com.android.tools.utp:android-device-provider-profile-proto:31.7.3) with MergeInstrumentationAnalysisTransform
Transforming android-test-plugin-host-additional-test-output-proto-31.7.3.jar (com.android.tools.utp:android-test-plugin-host-additional-test-output-proto:31.7.3) with InstrumentationAnalysisTransform
Transforming android-test-plugin-host-additional-test-output-proto-31.7.3.jar (com.android.tools.utp:android-test-plugin-host-additional-test-output-proto:31.7.3) with MergeInstrumentationAnalysisTransform
Transforming android-test-plugin-host-coverage-proto-31.7.3.jar (com.android.tools.utp:android-test-plugin-host-coverage-proto:31.7.3) with InstrumentationAnalysisTransform
Transforming android-test-plugin-host-coverage-proto-31.7.3.jar (com.android.tools.utp:android-test-plugin-host-coverage-proto:31.7.3) with MergeInstrumentationAnalysisTransform
Transforming android-test-plugin-host-emulator-control-proto-31.7.3.jar (com.android.tools.utp:android-test-plugin-host-emulator-control-proto:31.7.3) with InstrumentationAnalysisTransform
Transforming android-test-plugin-host-emulator-control-proto-31.7.3.jar (com.android.tools.utp:android-test-plugin-host-emulator-control-proto:31.7.3) with MergeInstrumentationAnalysisTransform
Transforming android-test-plugin-host-logcat-proto-31.7.3.jar (com.android.tools.utp:android-test-plugin-host-logcat-proto:31.7.3) with InstrumentationAnalysisTransform
Transforming android-test-plugin-host-logcat-proto-31.7.3.jar (com.android.tools.utp:android-test-plugin-host-logcat-proto:31.7.3) with MergeInstrumentationAnalysisTransform
Transforming android-test-plugin-host-apk-installer-proto-31.7.3.jar (com.android.tools.utp:android-test-plugin-host-apk-installer-proto:31.7.3) with InstrumentationAnalysisTransform
Transforming android-test-plugin-host-apk-installer-proto-31.7.3.jar (com.android.tools.utp:android-test-plugin-host-apk-installer-proto:31.7.3) with MergeInstrumentationAnalysisTransform
Transforming android-test-plugin-host-retention-proto-31.7.3.jar (com.android.tools.utp:android-test-plugin-host-retention-proto:31.7.3) with InstrumentationAnalysisTransform
Transforming android-test-plugin-host-retention-proto-31.7.3.jar (com.android.tools.utp:android-test-plugin-host-retention-proto:31.7.3) with MergeInstrumentationAnalysisTransform
Transforming android-test-plugin-result-listener-gradle-proto-31.7.3.jar (com.android.tools.utp:android-test-plugin-result-listener-gradle-proto:31.7.3) with InstrumentationAnalysisTransform
Caching disabled for MergeInstrumentationAnalysisTransform: /home/runner/.gradle/caches/8.9/transforms/f883c3394e6ab979d16b2b3b734b7579/transformed/analysis/instrumentation-hierarchy.bin because:
  Build cache is disabled
  Caching not enabled.
Transforming android-test-plugin-result-listener-gradle-proto-31.7.3.jar (com.android.tools.utp:android-test-plugin-result-listener-gradle-proto:31.7.3) with MergeInstrumentationAnalysisTransform
Transforming builder-model-8.7.3.jar (com.android.tools.build:builder-model:8.7.3) with InstrumentationAnalysisTransform
Transforming builder-model-8.7.3.jar (com.android.tools.build:builder-model:8.7.3) with MergeInstrumentationAnalysisTransform
Transforming dvlib-31.7.3.jar (com.android.tools:dvlib:31.7.3) with InstrumentationAnalysisTransform
Transforming dvlib-31.7.3.jar (com.android.tools:dvlib:31.7.3) with MergeInstrumentationAnalysisTransform
Transforming common-31.7.3.jar (com.android.tools:common:31.7.3) with InstrumentationAnalysisTransform
Transforming common-31.7.3.jar (com.android.tools:common:31.7.3) with MergeInstrumentationAnalysisTransform
Transforming jetifier-processor-1.0.0-beta10.jar (com.android.tools.build.jetifier:jetifier-processor:1.0.0-beta10) with InstrumentationAnalysisTransform
Transforming jetifier-processor-1.0.0-beta10.jar (com.android.tools.build.jetifier:jetifier-processor:1.0.0-beta10) with MergeInstrumentationAnalysisTransform
Transforming jetifier-core-1.0.0-beta10.jar (com.android.tools.build.jetifier:jetifier-core:1.0.0-beta10) with InstrumentationAnalysisTransform
Transforming jetifier-core-1.0.0-beta10.jar (com.android.tools.build.jetifier:jetifier-core:1.0.0-beta10) with MergeInstrumentationAnalysisTransform
Transforming kotlin-reflect-1.9.20.jar (org.jetbrains.kotlin:kotlin-reflect:1.9.20) with InstrumentationAnalysisTransform
Transforming kotlin-reflect-1.9.20.jar (org.jetbrains.kotlin:kotlin-reflect:1.9.20) with MergeInstrumentationAnalysisTransform
Transforming kotlin-stdlib-jdk7-1.9.20.jar (org.jetbrains.kotlin:kotlin-stdlib-jdk7:1.9.20) with InstrumentationAnalysisTransform
Transforming kotlin-stdlib-jdk7-1.9.20.jar (org.jetbrains.kotlin:kotlin-stdlib-jdk7:1.9.20) with MergeInstrumentationAnalysisTransform
Transforming kotlin-stdlib-1.9.20.jar (org.jetbrains.kotlin:kotlin-stdlib:1.9.20) with InstrumentationAnalysisTransform
Transforming kotlin-stdlib-1.9.20.jar (org.jetbrains.kotlin:kotlin-stdlib:1.9.20) with MergeInstrumentationAnalysisTransform
Transforming kotlin-stdlib-jdk8-1.9.20.jar (org.jetbrains.kotlin:kotlin-stdlib-jdk8:1.9.20) with InstrumentationAnalysisTransform
Transforming kotlin-stdlib-jdk8-1.9.20.jar (org.jetbrains.kotlin:kotlin-stdlib-jdk8:1.9.20) with MergeInstrumentationAnalysisTransform
Transforming transform-api-2.0.0-deprecated-use-gradle-api.jar (com.android.tools.build:transform-api:2.0.0-deprecated-use-gradle-api) with InstrumentationAnalysisTransform
Transforming transform-api-2.0.0-deprecated-use-gradle-api.jar (com.android.tools.build:transform-api:2.0.0-deprecated-use-gradle-api) with MergeInstrumentationAnalysisTransform
Transforming httpmime-4.5.6.jar (org.apache.httpcomponents:httpmime:4.5.6) with InstrumentationAnalysisTransform
Transforming httpmime-4.5.6.jar (org.apache.httpcomponents:httpmime:4.5.6) with MergeInstrumentationAnalysisTransform
Transforming commons-io-2.13.0.jar (commons-io:commons-io:2.13.0) with InstrumentationAnalysisTransform
Transforming commons-io-2.13.0.jar (commons-io:commons-io:2.13.0) with MergeInstrumentationAnalysisTransform
Transforming asm-commons-9.6.jar (org.ow2.asm:asm-commons:9.6) with InstrumentationAnalysisTransform
Transforming asm-commons-9.6.jar (org.ow2.asm:asm-commons:9.6) with MergeInstrumentationAnalysisTransform
Transforming asm-util-9.6.jar (org.ow2.asm:asm-util:9.6) with InstrumentationAnalysisTransform
Transforming asm-util-9.6.jar (org.ow2.asm:asm-util:9.6) with MergeInstrumentationAnalysisTransform
Transforming asm-analysis-9.6.jar (org.ow2.asm:asm-analysis:9.6) with InstrumentationAnalysisTransform
Transforming asm-analysis-9.6.jar (org.ow2.asm:asm-analysis:9.6) with MergeInstrumentationAnalysisTransform
Transforming asm-tree-9.6.jar (org.ow2.asm:asm-tree:9.6) with InstrumentationAnalysisTransform
Transforming asm-tree-9.6.jar (org.ow2.asm:asm-tree:9.6) with MergeInstrumentationAnalysisTransform
Transforming asm-9.6.jar (org.ow2.asm:asm:9.6) with InstrumentationAnalysisTransform
Transforming asm-9.6.jar (org.ow2.asm:asm:9.6) with MergeInstrumentationAnalysisTransform
Transforming apkzlib-8.7.3.jar (com.android.tools.build:apkzlib:8.7.3) with InstrumentationAnalysisTransform
Caching disabled for MergeInstrumentationAnalysisTransform: /home/runner/.gradle/caches/8.9/transforms/dbc12afa28ae4fc41fbe0b0b92f39a64/transformed/analysis/instrumentation-dependencies.bin because:
  Build cache is disabled
  Caching not enabled.
Transforming apkzlib-8.7.3.jar (com.android.tools.build:apkzlib:8.7.3) with MergeInstrumentationAnalysisTransform
Transforming bcpkix-jdk18on-1.77.jar (org.bouncycastle:bcpkix-jdk18on:1.77) with InstrumentationAnalysisTransform
Transforming bcpkix-jdk18on-1.77.jar (org.bouncycastle:bcpkix-jdk18on:1.77) with MergeInstrumentationAnalysisTransform
Transforming jaxb-runtime-2.3.2.jar (org.glassfish.jaxb:jaxb-runtime:2.3.2) with InstrumentationAnalysisTransform
Transforming jaxb-runtime-2.3.2.jar (org.glassfish.jaxb:jaxb-runtime:2.3.2) with MergeInstrumentationAnalysisTransform
Transforming jopt-simple-4.9.jar (net.sf.jopt-simple:jopt-simple:4.9) with InstrumentationAnalysisTransform
Transforming jopt-simple-4.9.jar (net.sf.jopt-simple:jopt-simple:4.9) with MergeInstrumentationAnalysisTransform
Transforming javapoet-1.10.0.jar (com.squareup:javapoet:1.10.0) with InstrumentationAnalysisTransform
Transforming javapoet-1.10.0.jar (com.squareup:javapoet:1.10.0) with MergeInstrumentationAnalysisTransform
Transforming protobuf-java-util-3.22.3.jar (com.google.protobuf:protobuf-java-util:3.22.3) with InstrumentationAnalysisTransform
Transforming protobuf-java-util-3.22.3.jar (com.google.protobuf:protobuf-java-util:3.22.3) with MergeInstrumentationAnalysisTransform
Transforming grpc-protobuf-1.57.0.jar (io.grpc:grpc-protobuf:1.57.0) with InstrumentationAnalysisTransform
Transforming grpc-protobuf-1.57.0.jar (io.grpc:grpc-protobuf:1.57.0) with MergeInstrumentationAnalysisTransform
Transforming tink-1.7.0.jar (com.google.crypto.tink:tink:1.7.0) with InstrumentationAnalysisTransform
Transforming tink-1.7.0.jar (com.google.crypto.tink:tink:1.7.0) with MergeInstrumentationAnalysisTransform
Transforming protos-31.7.3.jar (com.android.tools.analytics-library:protos:31.7.3) with InstrumentationAnalysisTransform
Transforming protos-31.7.3.jar (com.android.tools.analytics-library:protos:31.7.3) with MergeInstrumentationAnalysisTransform
Transforming proto-google-common-protos-2.17.0.jar (com.google.api.grpc:proto-google-common-protos:2.17.0) with InstrumentationAnalysisTransform
Transforming proto-google-common-protos-2.17.0.jar (com.google.api.grpc:proto-google-common-protos:2.17.0) with MergeInstrumentationAnalysisTransform
Transforming protobuf-java-3.22.3.jar (com.google.protobuf:protobuf-java:3.22.3) with InstrumentationAnalysisTransform
Transforming protobuf-java-3.22.3.jar (com.google.protobuf:protobuf-java:3.22.3) with MergeInstrumentationAnalysisTransform
Transforming grpc-netty-1.57.0.jar (io.grpc:grpc-netty:1.57.0) with InstrumentationAnalysisTransform
Transforming grpc-netty-1.57.0.jar (io.grpc:grpc-netty:1.57.0) with MergeInstrumentationAnalysisTransform
Transforming grpc-core-1.57.0.jar (io.grpc:grpc-core:1.57.0) with InstrumentationAnalysisTransform
Transforming grpc-core-1.57.0.jar (io.grpc:grpc-core:1.57.0) with MergeInstrumentationAnalysisTransform
Transforming gson-2.10.1.jar (com.google.code.gson:gson:2.10.1) with InstrumentationAnalysisTransform
Transforming gson-2.10.1.jar (com.google.code.gson:gson:2.10.1) with MergeInstrumentationAnalysisTransform
Transforming grpc-stub-1.57.0.jar (io.grpc:grpc-stub:1.57.0) with InstrumentationAnalysisTransform
Transforming grpc-stub-1.57.0.jar (io.grpc:grpc-stub:1.57.0) with MergeInstrumentationAnalysisTransform
Transforming core-proto-0.0.9-alpha02.jar (com.google.testing.platform:core-proto:0.0.9-alpha02) with InstrumentationAnalysisTransform
Transforming core-proto-0.0.9-alpha02.jar (com.google.testing.platform:core-proto:0.0.9-alpha02) with MergeInstrumentationAnalysisTransform
Transforming tensorflow-lite-metadata-0.1.0-rc2.jar (org.tensorflow:tensorflow-lite-metadata:0.1.0-rc2) with InstrumentationAnalysisTransform
Transforming tensorflow-lite-metadata-0.1.0-rc2.jar (org.tensorflow:tensorflow-lite-metadata:0.1.0-rc2) with MergeInstrumentationAnalysisTransform
Transforming flatbuffers-java-1.12.0.jar (com.google.flatbuffers:flatbuffers-java:1.12.0) with InstrumentationAnalysisTransform
Transforming flatbuffers-java-1.12.0.jar (com.google.flatbuffers:flatbuffers-java:1.12.0) with MergeInstrumentationAnalysisTransform
Transforming jimfs-1.1.jar (com.google.jimfs:jimfs:1.1) with InstrumentationAnalysisTransform
Transforming jimfs-1.1.jar (com.google.jimfs:jimfs:1.1) with MergeInstrumentationAnalysisTransform
Transforming grpc-context-1.57.0.jar (io.grpc:grpc-context:1.57.0) with InstrumentationAnalysisTransform
Transforming grpc-context-1.57.0.jar (io.grpc:grpc-context:1.57.0) with MergeInstrumentationAnalysisTransform
Transforming grpc-protobuf-lite-1.57.0.jar (io.grpc:grpc-protobuf-lite:1.57.0) with InstrumentationAnalysisTransform
Transforming grpc-protobuf-lite-1.57.0.jar (io.grpc:grpc-protobuf-lite:1.57.0) with MergeInstrumentationAnalysisTransform
Transforming grpc-api-1.57.0.jar (io.grpc:grpc-api:1.57.0) with InstrumentationAnalysisTransform
Transforming grpc-api-1.57.0.jar (io.grpc:grpc-api:1.57.0) with MergeInstrumentationAnalysisTransform
Transforming guava-32.0.1-jre.jar (com.google.guava:guava:32.0.1-jre) with InstrumentationAnalysisTransform
Transforming guava-32.0.1-jre.jar (com.google.guava:guava:32.0.1-jre) with MergeInstrumentationAnalysisTransform
Transforming dagger-2.28.3.jar (com.google.dagger:dagger:2.28.3) with InstrumentationAnalysisTransform
Transforming dagger-2.28.3.jar (com.google.dagger:dagger:2.28.3) with MergeInstrumentationAnalysisTransform
Transforming javax.inject-1.jar (javax.inject:javax.inject:1) with InstrumentationAnalysisTransform
Transforming javax.inject-1.jar (javax.inject:javax.inject:1) with MergeInstrumentationAnalysisTransform
Transforming kxml2-2.3.0.jar (net.sf.kxml:kxml2:2.3.0) with InstrumentationAnalysisTransform
Transforming kxml2-2.3.0.jar (net.sf.kxml:kxml2:2.3.0) with MergeInstrumentationAnalysisTransform
Transforming bcutil-jdk18on-1.77.jar (org.bouncycastle:bcutil-jdk18on:1.77) with InstrumentationAnalysisTransform
Transforming bcutil-jdk18on-1.77.jar (org.bouncycastle:bcutil-jdk18on:1.77) with MergeInstrumentationAnalysisTransform
Transforming bcprov-jdk18on-1.77.jar (org.bouncycastle:bcprov-jdk18on:1.77) with InstrumentationAnalysisTransform
Transforming bcprov-jdk18on-1.77.jar (org.bouncycastle:bcprov-jdk18on:1.77) with MergeInstrumentationAnalysisTransform
Transforming trove4j-1.0.20200330.jar (org.jetbrains.intellij.deps:trove4j:1.0.20200330) with InstrumentationAnalysisTransform
Transforming trove4j-1.0.20200330.jar (org.jetbrains.intellij.deps:trove4j:1.0.20200330) with MergeInstrumentationAnalysisTransform
Transforming commons-compress-1.21.jar (org.apache.commons:commons-compress:1.21) with InstrumentationAnalysisTransform
Transforming commons-compress-1.21.jar (org.apache.commons:commons-compress:1.21) with MergeInstrumentationAnalysisTransform
Transforming httpclient-4.5.14.jar (org.apache.httpcomponents:httpclient:4.5.14) with InstrumentationAnalysisTransform
Transforming httpclient-4.5.14.jar (org.apache.httpcomponents:httpclient:4.5.14) with MergeInstrumentationAnalysisTransform
Transforming httpcore-4.4.16.jar (org.apache.httpcomponents:httpcore:4.4.16) with InstrumentationAnalysisTransform
Transforming httpcore-4.4.16.jar (org.apache.httpcomponents:httpcore:4.4.16) with MergeInstrumentationAnalysisTransform
Transforming javax.activation-1.2.0.jar (com.sun.activation:javax.activation:1.2.0) with InstrumentationAnalysisTransform
Transforming javax.activation-1.2.0.jar (com.sun.activation:javax.activation:1.2.0) with MergeInstrumentationAnalysisTransform
Transforming annotations-23.0.0.jar (org.jetbrains:annotations:23.0.0) with InstrumentationAnalysisTransform
Transforming annotations-23.0.0.jar (org.jetbrains:annotations:23.0.0) with MergeInstrumentationAnalysisTransform
Transforming signflinger-8.7.3.jar (com.android:signflinger:8.7.3) with InstrumentationAnalysisTransform
Transforming signflinger-8.7.3.jar (com.android:signflinger:8.7.3) with MergeInstrumentationAnalysisTransform
Transforming zipflinger-8.7.3.jar (com.android:zipflinger:8.7.3) with InstrumentationAnalysisTransform
Transforming zipflinger-8.7.3.jar (com.android:zipflinger:8.7.3) with MergeInstrumentationAnalysisTransform
Transforming annotations-31.7.3.jar (com.android.tools:annotations:31.7.3) with InstrumentationAnalysisTransform
Transforming annotations-31.7.3.jar (com.android.tools:annotations:31.7.3) with MergeInstrumentationAnalysisTransform
Transforming jna-platform-5.6.0.jar (net.java.dev.jna:jna-platform:5.6.0) with InstrumentationAnalysisTransform
Transforming jna-platform-5.6.0.jar (net.java.dev.jna:jna-platform:5.6.0) with MergeInstrumentationAnalysisTransform
Transforming juniversalchardet-1.0.3.jar (com.googlecode.juniversalchardet:juniversalchardet:1.0.3) with InstrumentationAnalysisTransform
Transforming juniversalchardet-1.0.3.jar (com.googlecode.juniversalchardet:juniversalchardet:1.0.3) with MergeInstrumentationAnalysisTransform
Transforming javax.annotation-api-1.3.2.jar (javax.annotation:javax.annotation-api:1.3.2) with InstrumentationAnalysisTransform
Caching disabled for MergeInstrumentationAnalysisTransform: /home/runner/.gradle/caches/8.9/transforms/f883c3394e6ab979d16b2b3b734b7579/transformed/analysis/instrumentation-dependencies.bin because:
  Build cache is disabled
  Caching not enabled.
Transforming javax.annotation-api-1.3.2.jar (javax.annotation:javax.annotation-api:1.3.2) with MergeInstrumentationAnalysisTransform
Transforming stax-ex-1.8.1.jar (org.jvnet.staxex:stax-ex:1.8.1) with InstrumentationAnalysisTransform
Transforming stax-ex-1.8.1.jar (org.jvnet.staxex:stax-ex:1.8.1) with MergeInstrumentationAnalysisTransform
Transforming jakarta.xml.bind-api-2.3.2.jar (jakarta.xml.bind:jakarta.xml.bind-api:2.3.2) with InstrumentationAnalysisTransform
Transforming jakarta.xml.bind-api-2.3.2.jar (jakarta.xml.bind:jakarta.xml.bind-api:2.3.2) with MergeInstrumentationAnalysisTransform
Transforming txw2-2.3.2.jar (org.glassfish.jaxb:txw2:2.3.2) with InstrumentationAnalysisTransform
Transforming txw2-2.3.2.jar (org.glassfish.jaxb:txw2:2.3.2) with MergeInstrumentationAnalysisTransform
Transforming istack-commons-runtime-3.0.8.jar (com.sun.istack:istack-commons-runtime:3.0.8) with InstrumentationAnalysisTransform
Transforming istack-commons-runtime-3.0.8.jar (com.sun.istack:istack-commons-runtime:3.0.8) with MergeInstrumentationAnalysisTransform
Transforming FastInfoset-1.2.16.jar (com.sun.xml.fastinfoset:FastInfoset:1.2.16) with InstrumentationAnalysisTransform
Transforming FastInfoset-1.2.16.jar (com.sun.xml.fastinfoset:FastInfoset:1.2.16) with MergeInstrumentationAnalysisTransform
Transforming jakarta.activation-api-1.2.1.jar (jakarta.activation:jakarta.activation-api:1.2.1) with InstrumentationAnalysisTransform
Transforming jakarta.activation-api-1.2.1.jar (jakarta.activation:jakarta.activation-api:1.2.1) with MergeInstrumentationAnalysisTransform
Transforming auto-value-annotations-1.6.2.jar (com.google.auto.value:auto-value-annotations:1.6.2) with InstrumentationAnalysisTransform
Transforming auto-value-annotations-1.6.2.jar (com.google.auto.value:auto-value-annotations:1.6.2) with MergeInstrumentationAnalysisTransform
Transforming error_prone_annotations-2.18.0.jar (com.google.errorprone:error_prone_annotations:2.18.0) with InstrumentationAnalysisTransform
Transforming error_prone_annotations-2.18.0.jar (com.google.errorprone:error_prone_annotations:2.18.0) with MergeInstrumentationAnalysisTransform
Transforming jose4j-0.9.5.jar (org.bitbucket.b_c:jose4j:0.9.5) with InstrumentationAnalysisTransform
Transforming jose4j-0.9.5.jar (org.bitbucket.b_c:jose4j:0.9.5) with MergeInstrumentationAnalysisTransform
Transforming slf4j-api-1.7.30.jar (org.slf4j:slf4j-api:1.7.30) with InstrumentationAnalysisTransform
Transforming slf4j-api-1.7.30.jar (org.slf4j:slf4j-api:1.7.30) with MergeInstrumentationAnalysisTransform
Transforming jdom2-2.0.6.jar (org.jdom:jdom2:2.0.6) with InstrumentationAnalysisTransform
Transforming jdom2-2.0.6.jar (org.jdom:jdom2:2.0.6) with MergeInstrumentationAnalysisTransform
Transforming jsr305-3.0.2.jar (com.google.code.findbugs:jsr305:3.0.2) with InstrumentationAnalysisTransform
Transforming jsr305-3.0.2.jar (com.google.code.findbugs:jsr305:3.0.2) with MergeInstrumentationAnalysisTransform
Transforming j2objc-annotations-2.8.jar (com.google.j2objc:j2objc-annotations:2.8) with InstrumentationAnalysisTransform
Transforming j2objc-annotations-2.8.jar (com.google.j2objc:j2objc-annotations:2.8) with MergeInstrumentationAnalysisTransform
Transforming annotations-4.1.1.4.jar (com.google.android:annotations:4.1.1.4) with InstrumentationAnalysisTransform
Transforming annotations-4.1.1.4.jar (com.google.android:annotations:4.1.1.4) with MergeInstrumentationAnalysisTransform
Transforming animal-sniffer-annotations-1.23.jar (org.codehaus.mojo:animal-sniffer-annotations:1.23) with InstrumentationAnalysisTransform
Transforming animal-sniffer-annotations-1.23.jar (org.codehaus.mojo:animal-sniffer-annotations:1.23) with MergeInstrumentationAnalysisTransform
Transforming perfmark-api-0.26.0.jar (io.perfmark:perfmark-api:0.26.0) with InstrumentationAnalysisTransform
Transforming perfmark-api-0.26.0.jar (io.perfmark:perfmark-api:0.26.0) with MergeInstrumentationAnalysisTransform
Transforming netty-codec-http2-4.1.93.Final.jar (io.netty:netty-codec-http2:4.1.93.Final) with InstrumentationAnalysisTransform
Transforming netty-codec-http2-4.1.93.Final.jar (io.netty:netty-codec-http2:4.1.93.Final) with MergeInstrumentationAnalysisTransform
Transforming netty-handler-proxy-4.1.93.Final.jar (io.netty:netty-handler-proxy:4.1.93.Final) with InstrumentationAnalysisTransform
Caching disabled for MergeInstrumentationAnalysisTransform: /home/runner/.gradle/caches/8.9/transforms/6585983755992705b0fd45a059a91bdb/transformed/analysis/instrumentation-dependencies.bin because:
  Build cache is disabled
  Caching not enabled.
Transforming netty-handler-proxy-4.1.93.Final.jar (io.netty:netty-handler-proxy:4.1.93.Final) with MergeInstrumentationAnalysisTransform
Transforming netty-codec-http-4.1.93.Final.jar (io.netty:netty-codec-http:4.1.93.Final) with InstrumentationAnalysisTransform
Transforming netty-codec-http-4.1.93.Final.jar (io.netty:netty-codec-http:4.1.93.Final) with MergeInstrumentationAnalysisTransform
Transforming netty-handler-4.1.93.Final.jar (io.netty:netty-handler:4.1.93.Final) with InstrumentationAnalysisTransform
Transforming netty-handler-4.1.93.Final.jar (io.netty:netty-handler:4.1.93.Final) with MergeInstrumentationAnalysisTransform
Transforming netty-transport-native-unix-common-4.1.93.Final.jar (io.netty:netty-transport-native-unix-common:4.1.93.Final) with InstrumentationAnalysisTransform
Transforming netty-transport-native-unix-common-4.1.93.Final.jar (io.netty:netty-transport-native-unix-common:4.1.93.Final) with MergeInstrumentationAnalysisTransform
Transforming checker-qual-3.33.0.jar (org.checkerframework:checker-qual:3.33.0) with InstrumentationAnalysisTransform
Transforming checker-qual-3.33.0.jar (org.checkerframework:checker-qual:3.33.0) with MergeInstrumentationAnalysisTransform
Transforming commons-codec-1.11.jar (commons-codec:commons-codec:1.11) with InstrumentationAnalysisTransform
Transforming commons-codec-1.11.jar (commons-codec:commons-codec:1.11) with MergeInstrumentationAnalysisTransform
Transforming apksig-8.7.3.jar (com.android.tools.build:apksig:8.7.3) with InstrumentationAnalysisTransform
Transforming apksig-8.7.3.jar (com.android.tools.build:apksig:8.7.3) with MergeInstrumentationAnalysisTransform
Transforming javawriter-2.5.0.jar (com.squareup:javawriter:2.5.0) with InstrumentationAnalysisTransform
Transforming javawriter-2.5.0.jar (com.squareup:javawriter:2.5.0) with MergeInstrumentationAnalysisTransform
Transforming failureaccess-1.0.1.jar (com.google.guava:failureaccess:1.0.1) with InstrumentationAnalysisTransform
Transforming failureaccess-1.0.1.jar (com.google.guava:failureaccess:1.0.1) with MergeInstrumentationAnalysisTransform
Transforming listenablefuture-9999.0-empty-to-avoid-conflict-with-guava.jar (com.google.guava:listenablefuture:9999.0-empty-to-avoid-conflict-with-guava) with InstrumentationAnalysisTransform
Transforming listenablefuture-9999.0-empty-to-avoid-conflict-with-guava.jar (com.google.guava:listenablefuture:9999.0-empty-to-avoid-conflict-with-guava) with MergeInstrumentationAnalysisTransform
Transforming commons-logging-1.2.jar (commons-logging:commons-logging:1.2) with InstrumentationAnalysisTransform
Transforming commons-logging-1.2.jar (commons-logging:commons-logging:1.2) with MergeInstrumentationAnalysisTransform
Transforming jna-5.6.0.jar (net.java.dev.jna:jna:5.6.0) with InstrumentationAnalysisTransform
Transforming jna-5.6.0.jar (net.java.dev.jna:jna:5.6.0) with MergeInstrumentationAnalysisTransform
Transforming netty-codec-socks-4.1.93.Final.jar (io.netty:netty-codec-socks:4.1.93.Final) with InstrumentationAnalysisTransform
Transforming netty-codec-socks-4.1.93.Final.jar (io.netty:netty-codec-socks:4.1.93.Final) with MergeInstrumentationAnalysisTransform
Transforming netty-codec-4.1.93.Final.jar (io.netty:netty-codec:4.1.93.Final) with InstrumentationAnalysisTransform
Transforming netty-codec-4.1.93.Final.jar (io.netty:netty-codec:4.1.93.Final) with MergeInstrumentationAnalysisTransform
Transforming netty-transport-4.1.93.Final.jar (io.netty:netty-transport:4.1.93.Final) with InstrumentationAnalysisTransform
Transforming netty-transport-4.1.93.Final.jar (io.netty:netty-transport:4.1.93.Final) with MergeInstrumentationAnalysisTransform
Transforming netty-buffer-4.1.93.Final.jar (io.netty:netty-buffer:4.1.93.Final) with InstrumentationAnalysisTransform
Transforming netty-buffer-4.1.93.Final.jar (io.netty:netty-buffer:4.1.93.Final) with MergeInstrumentationAnalysisTransform
Transforming netty-resolver-4.1.93.Final.jar (io.netty:netty-resolver:4.1.93.Final) with InstrumentationAnalysisTransform
Transforming netty-resolver-4.1.93.Final.jar (io.netty:netty-resolver:4.1.93.Final) with MergeInstrumentationAnalysisTransform
Transforming netty-common-4.1.93.Final.jar (io.netty:netty-common:4.1.93.Final) with InstrumentationAnalysisTransform
Transforming netty-common-4.1.93.Final.jar (io.netty:netty-common:4.1.93.Final) with MergeInstrumentationAnalysisTransform
Caching disabled for MergeInstrumentationAnalysisTransform: /home/runner/.gradle/caches/8.9/transforms/030864882a508d23d46f4198b3fdc423/transformed/analysis/instrumentation-hierarchy.bin because:
  Build cache is disabled
  Caching not enabled.
Caching disabled for MergeInstrumentationAnalysisTransform: /home/runner/.gradle/caches/8.9/transforms/030864882a508d23d46f4198b3fdc423/transformed/analysis/instrumentation-dependencies.bin because:
  Build cache is disabled
  Caching not enabled.
Caching disabled for MergeInstrumentationAnalysisTransform: /home/runner/.gradle/caches/modules-2/files-2.1/com.android.tools.lint/lint-model/31.7.3/97083bcf1d06633487523abd3e340ea216e988d2/lint-model-31.7.3.jar because:
  Build cache is disabled
  Caching not enabled.
Transforming lint-model-31.7.3.jar (com.android.tools.lint:lint-model:31.7.3) with ExternalDependencyInstrumentingArtifactTransform
Caching disabled for ExternalDependencyInstrumentingArtifactTransform: /home/runner/.gradle/caches/8.9/transforms/267291d55f2ea0449fa5edd22f4a2d20/transformed/.gradle-instrumented-classpath.marker because:
  Build cache is disabled
  Caching not enabled.
Caching disabled for MergeInstrumentationAnalysisTransform: /home/runner/.gradle/caches/modules-2/files-2.1/com.android.tools.build/gradle-settings-api/8.7.3/4ff585b83bf1443f3e96f9d833458d19b29bdce3/gradle-settings-api-8.7.3.jar because:
  Build cache is disabled
  Caching not enabled.
Transforming gradle-settings-api-8.7.3.jar (com.android.tools.build:gradle-settings-api:8.7.3) with ExternalDependencyInstrumentingArtifactTransform
Caching disabled for ExternalDependencyInstrumentingArtifactTransform: /home/runner/.gradle/caches/8.9/transforms/6161915f032aed82abd5ba7519ce0f3f/transformed/merge/instrumentation-dependencies.bin because:
  Build cache is disabled
  Caching not enabled.
Caching disabled for ExternalDependencyInstrumentingArtifactTransform: /home/runner/.gradle/caches/8.9/transforms/267291d55f2ea0449fa5edd22f4a2d20/transformed/merge/instrumentation-dependencies.bin because:
  Build cache is disabled
  Caching not enabled.
Caching disabled for MergeInstrumentationAnalysisTransform: /home/runner/.gradle/caches/modules-2/files-2.1/com.android.tools.build/builder/8.7.3/8d3e529cc87e89552433c8337bd0b616ef545fa1/builder-8.7.3.jar because:
  Build cache is disabled
  Caching not enabled.
Transforming builder-8.7.3.jar (com.android.tools.build:builder:8.7.3) with ExternalDependencyInstrumentingArtifactTransform
Caching disabled for ExternalDependencyInstrumentingArtifactTransform: /home/runner/.gradle/caches/8.9/transforms/53acccb626a01699d9cc4ae1ba23f500/transformed/merge/instrumentation-dependencies.bin because:
  Build cache is disabled
  Caching not enabled.
Caching disabled for ExternalDependencyInstrumentingArtifactTransform: /home/runner/.gradle/caches/modules-2/files-2.1/com.android.tools.build/gradle-settings-api/8.7.3/4ff585b83bf1443f3e96f9d833458d19b29bdce3/gradle-settings-api-8.7.3.jar because:
  Build cache is disabled
  Caching not enabled.
Caching disabled for MergeInstrumentationAnalysisTransform: /home/runner/.gradle/caches/8.9/transforms/48798284023e3ce1bd5781cd709b15ed/transformed/analysis/instrumentation-hierarchy.bin because:
  Build cache is disabled
  Caching not enabled.
Caching disabled for MergeInstrumentationAnalysisTransform: /home/runner/.gradle/caches/8.9/transforms/48798284023e3ce1bd5781cd709b15ed/transformed/analysis/instrumentation-dependencies.bin because:
  Build cache is disabled
  Caching not enabled.
Caching disabled for MergeInstrumentationAnalysisTransform: /home/runner/.gradle/caches/modules-2/files-2.1/com.android.tools.build/manifest-merger/31.7.3/d0489e76e4eb785336317add6b65d57b928a429/manifest-merger-31.7.3.jar because:
  Build cache is disabled
  Caching not enabled.
Caching disabled for MergeInstrumentationAnalysisTransform: /home/runner/.gradle/caches/modules-2/files-2.1/com.android.tools.build/gradle/8.7.3/557c0eaed243df7b293d8b1f2c252d97fcc71dda/gradle-8.7.3.jar because:
  Build cache is disabled
  Caching not enabled.
Transforming manifest-merger-31.7.3.jar (com.android.tools.build:manifest-merger:31.7.3) with ExternalDependencyInstrumentingArtifactTransform
Caching disabled for ExternalDependencyInstrumentingArtifactTransform: /home/runner/.gradle/caches/8.9/transforms/4c37d468db7f699af03c4111c067df8b/transformed/merge/instrumentation-dependencies.bin because:
  Build cache is disabled
  Caching not enabled.
Transforming gradle-8.7.3.jar (com.android.tools.build:gradle:8.7.3) with ExternalDependencyInstrumentingArtifactTransform
Caching disabled for ExternalDependencyInstrumentingArtifactTransform: /home/runner/.gradle/caches/8.9/transforms/1c44f5be08b0ed1a1615f199dfb27372/transformed/merge/instrumentation-dependencies.bin because:
  Build cache is disabled
  Caching not enabled.
Caching disabled for ExternalDependencyInstrumentingArtifactTransform: /home/runner/.gradle/caches/modules-2/files-2.1/com.android.tools.lint/lint-model/31.7.3/97083bcf1d06633487523abd3e340ea216e988d2/lint-model-31.7.3.jar because:
  Build cache is disabled
  Caching not enabled.
Caching disabled for MergeInstrumentationAnalysisTransform: /home/runner/.gradle/caches/8.9/transforms/e87ff3f0e3921735ccb2d41edb9e4937/transformed/analysis/instrumentation-hierarchy.bin because:
  Build cache is disabled
  Caching not enabled.
Caching disabled for MergeInstrumentationAnalysisTransform: /home/runner/.gradle/caches/8.9/transforms/e87ff3f0e3921735ccb2d41edb9e4937/transformed/analysis/instrumentation-dependencies.bin because:
  Build cache is disabled
  Caching not enabled.
Caching disabled for ExternalDependencyInstrumentingArtifactTransform: /home/runner/.gradle/caches/modules-2/files-2.1/com.android.tools.build/manifest-merger/31.7.3/d0489e76e4eb785336317add6b65d57b928a429/manifest-merger-31.7.3.jar because:
  Build cache is disabled
  Caching not enabled.
Caching disabled for MergeInstrumentationAnalysisTransform: /home/runner/.gradle/caches/8.9/transforms/a93fce39980378697d9fe9b6bc41ada3/transformed/analysis/instrumentation-hierarchy.bin because:
  Build cache is disabled
  Caching not enabled.
Caching disabled for MergeInstrumentationAnalysisTransform: /home/runner/.gradle/caches/8.9/transforms/a93fce39980378697d9fe9b6bc41ada3/transformed/analysis/instrumentation-dependencies.bin because:
  Build cache is disabled
  Caching not enabled.
Caching disabled for MergeInstrumentationAnalysisTransform: /home/runner/.gradle/caches/modules-2/files-2.1/com.android.tools/sdklib/31.7.3/adb7cac2ab282100e2b8b6d66b997a69ed06adf/sdklib-31.7.3.jar because:
  Build cache is disabled
  Caching not enabled.
Transforming sdklib-31.7.3.jar (com.android.tools:sdklib:31.7.3) with ExternalDependencyInstrumentingArtifactTransform
Caching disabled for ExternalDependencyInstrumentingArtifactTransform: /home/runner/.gradle/caches/8.9/transforms/6fb66df7822545dd5ac183e69d1749db/transformed/merge/instrumentation-dependencies.bin because:
  Build cache is disabled
  Caching not enabled.
Caching disabled for MergeInstrumentationAnalysisTransform: /home/runner/.gradle/caches/modules-2/files-2.1/com.android.tools/sdk-common/31.7.3/d17c3d28724a5f3e90a5ae053714627b740ff80c/sdk-common-31.7.3.jar because:
  Build cache is disabled
  Caching not enabled.
Transforming sdk-common-31.7.3.jar (com.android.tools:sdk-common:31.7.3) with ExternalDependencyInstrumentingArtifactTransform
Caching disabled for ExternalDependencyInstrumentingArtifactTransform: /home/runner/.gradle/caches/8.9/transforms/4f41c67fd6539b0e0bfd89cb5410397d/transformed/merge/instrumentation-dependencies.bin because:
  Build cache is disabled
  Caching not enabled.
Caching disabled for ExternalDependencyInstrumentingArtifactTransform: /home/runner/.gradle/caches/modules-2/files-2.1/com.android.tools/sdklib/31.7.3/adb7cac2ab282100e2b8b6d66b997a69ed06adf/sdklib-31.7.3.jar because:
  Build cache is disabled
  Caching not enabled.
Caching disabled for MergeInstrumentationAnalysisTransform: /home/runner/.gradle/caches/8.9/transforms/49b054ef6c45ddca2f55e7f3612334b6/transformed/analysis/instrumentation-hierarchy.bin because:
  Build cache is disabled
  Caching not enabled.
Caching disabled for MergeInstrumentationAnalysisTransform: /home/runner/.gradle/caches/8.9/transforms/49b054ef6c45ddca2f55e7f3612334b6/transformed/analysis/instrumentation-dependencies.bin because:
  Build cache is disabled
  Caching not enabled.
Caching disabled for MergeInstrumentationAnalysisTransform: /home/runner/.gradle/caches/modules-2/files-2.1/com.android.tools/repository/31.7.3/97e2e59d682d3f40706ec140f74e784bca0dc6dc/repository-31.7.3.jar because:
  Build cache is disabled
  Caching not enabled.
Transforming repository-31.7.3.jar (com.android.tools:repository:31.7.3) with ExternalDependencyInstrumentingArtifactTransform
Caching disabled for ExternalDependencyInstrumentingArtifactTransform: /home/runner/.gradle/caches/8.9/transforms/f06d5bd9da747de1004ab85ff0217a44/transformed/merge/instrumentation-dependencies.bin because:
  Build cache is disabled
  Caching not enabled.
Caching disabled for ExternalDependencyInstrumentingArtifactTransform: /home/runner/.gradle/caches/modules-2/files-2.1/com.android.tools/repository/31.7.3/97e2e59d682d3f40706ec140f74e784bca0dc6dc/repository-31.7.3.jar because:
  Build cache is disabled
  Caching not enabled.
Caching disabled for MergeInstrumentationAnalysisTransform: /home/runner/.gradle/caches/8.9/transforms/6483af516dbb0cd4d8ba4d6b86e198f6/transformed/analysis/instrumentation-hierarchy.bin because:
  Build cache is disabled
  Caching not enabled.
Caching disabled for MergeInstrumentationAnalysisTransform: /home/runner/.gradle/caches/8.9/transforms/6483af516dbb0cd4d8ba4d6b86e198f6/transformed/analysis/instrumentation-dependencies.bin because:
  Build cache is disabled
  Caching not enabled.
Caching disabled for MergeInstrumentationAnalysisTransform: /home/runner/.gradle/caches/modules-2/files-2.1/com.android.tools.build/gradle-api/8.7.3/7b90ce26dc62c0748b6de923ed76c50a91ab9b26/gradle-api-8.7.3.jar because:
  Build cache is disabled
  Caching not enabled.
Transforming gradle-api-8.7.3.jar (com.android.tools.build:gradle-api:8.7.3) with ExternalDependencyInstrumentingArtifactTransform
Caching disabled for ExternalDependencyInstrumentingArtifactTransform: /home/runner/.gradle/caches/8.9/transforms/e972f62f03fe5281c1d32642508abcfd/transformed/merge/instrumentation-dependencies.bin because:
  Build cache is disabled
  Caching not enabled.
Caching disabled for ExternalDependencyInstrumentingArtifactTransform: /home/runner/.gradle/caches/modules-2/files-2.1/com.android.tools/sdk-common/31.7.3/d17c3d28724a5f3e90a5ae053714627b740ff80c/sdk-common-31.7.3.jar because:
  Build cache is disabled
  Caching not enabled.
Caching disabled for ExternalDependencyInstrumentingArtifactTransform: /home/runner/.gradle/caches/modules-2/files-2.1/com.android.tools.build/gradle-api/8.7.3/7b90ce26dc62c0748b6de923ed76c50a91ab9b26/gradle-api-8.7.3.jar because:
  Build cache is disabled
  Caching not enabled.
Caching disabled for MergeInstrumentationAnalysisTransform: /home/runner/.gradle/caches/8.9/transforms/3aa0fe346f5528b0d9a4e982f56dd544/transformed/analysis/instrumentation-hierarchy.bin because:
  Build cache is disabled
  Caching not enabled.
Caching disabled for MergeInstrumentationAnalysisTransform: /home/runner/.gradle/caches/8.9/transforms/7e2738a87d9afd1c08916f1eac8b1c90/transformed/analysis/instrumentation-hierarchy.bin because:
  Build cache is disabled
  Caching not enabled.
Caching disabled for MergeInstrumentationAnalysisTransform: /home/runner/.gradle/caches/8.9/transforms/7e2738a87d9afd1c08916f1eac8b1c90/transformed/analysis/instrumentation-dependencies.bin because:
  Build cache is disabled
  Caching not enabled.
Caching disabled for MergeInstrumentationAnalysisTransform: /home/runner/.gradle/caches/8.9/transforms/3aa0fe346f5528b0d9a4e982f56dd544/transformed/analysis/instrumentation-dependencies.bin because:
  Build cache is disabled
  Caching not enabled.
Caching disabled for MergeInstrumentationAnalysisTransform: /home/runner/.gradle/caches/modules-2/files-2.1/com.android.tools.build/builder-test-api/8.7.3/bed86f7492b4df193e3dd0217ea622c9fdb232d2/builder-test-api-8.7.3.jar because:
  Build cache is disabled
  Caching not enabled.
Caching disabled for MergeInstrumentationAnalysisTransform: /home/runner/.gradle/caches/modules-2/files-2.1/com.android.tools.ddms/ddmlib/31.7.3/525b44de6936a7c487095652f014d0bfc84bb9ad/ddmlib-31.7.3.jar because:
  Build cache is disabled
  Caching not enabled.
Transforming ddmlib-31.7.3.jar (com.android.tools.ddms:ddmlib:31.7.3) with ExternalDependencyInstrumentingArtifactTransform
Caching disabled for ExternalDependencyInstrumentingArtifactTransform: /home/runner/.gradle/caches/8.9/transforms/b5e6431c2d2a444abd21e35657d049cf/transformed/merge/instrumentation-dependencies.bin because:
  Build cache is disabled
  Caching not enabled.
Transforming builder-test-api-8.7.3.jar (com.android.tools.build:builder-test-api:8.7.3) with ExternalDependencyInstrumentingArtifactTransform
Caching disabled for ExternalDependencyInstrumentingArtifactTransform: /home/runner/.gradle/caches/8.9/transforms/2b5070be352f282fec2bfcc59cf7819b/transformed/merge/instrumentation-dependencies.bin because:
  Build cache is disabled
  Caching not enabled.
Caching disabled for ExternalDependencyInstrumentingArtifactTransform: /home/runner/.gradle/caches/modules-2/files-2.1/com.android.tools.build/builder-test-api/8.7.3/bed86f7492b4df193e3dd0217ea622c9fdb232d2/builder-test-api-8.7.3.jar because:
  Build cache is disabled
  Caching not enabled.
Caching disabled for MergeInstrumentationAnalysisTransform: /home/runner/.gradle/caches/8.9/transforms/fcce185c8dab160c43a994e445675075/transformed/analysis/instrumentation-hierarchy.bin because:
  Build cache is disabled
  Caching not enabled.
Caching disabled for MergeInstrumentationAnalysisTransform: /home/runner/.gradle/caches/8.9/transforms/fcce185c8dab160c43a994e445675075/transformed/analysis/instrumentation-dependencies.bin because:
  Build cache is disabled
  Caching not enabled.
Caching disabled for MergeInstrumentationAnalysisTransform: /home/runner/.gradle/caches/modules-2/files-2.1/com.android.tools.build/aaptcompiler/8.7.3/899fa2a76cb7447343d3701de123186b65d63e92/aaptcompiler-8.7.3.jar because:
  Build cache is disabled
  Caching not enabled.
Transforming aaptcompiler-8.7.3.jar (com.android.tools.build:aaptcompiler:8.7.3) with ExternalDependencyInstrumentingArtifactTransform
Caching disabled for ExternalDependencyInstrumentingArtifactTransform: /home/runner/.gradle/caches/8.9/transforms/e4abac49b00331b8108906e7b3db182f/transformed/merge/instrumentation-dependencies.bin because:
  Build cache is disabled
  Caching not enabled.
Caching disabled for ExternalDependencyInstrumentingArtifactTransform: /home/runner/.gradle/caches/modules-2/files-2.1/com.android.tools.ddms/ddmlib/31.7.3/525b44de6936a7c487095652f014d0bfc84bb9ad/ddmlib-31.7.3.jar because:
  Build cache is disabled
  Caching not enabled.
Caching disabled for MergeInstrumentationAnalysisTransform: /home/runner/.gradle/caches/8.9/transforms/e472f5312bdcd0a186e40f88d88c32ad/transformed/analysis/instrumentation-hierarchy.bin because:
  Build cache is disabled
  Caching not enabled.
Caching disabled for ExternalDependencyInstrumentingArtifactTransform: /home/runner/.gradle/caches/modules-2/files-2.1/com.android.tools.build/aaptcompiler/8.7.3/899fa2a76cb7447343d3701de123186b65d63e92/aaptcompiler-8.7.3.jar because:
  Build cache is disabled
  Caching not enabled.
Caching disabled for MergeInstrumentationAnalysisTransform: /home/runner/.gradle/caches/8.9/transforms/e472f5312bdcd0a186e40f88d88c32ad/transformed/analysis/instrumentation-dependencies.bin because:
  Build cache is disabled
  Caching not enabled.
Caching disabled for MergeInstrumentationAnalysisTransform: /home/runner/.gradle/caches/8.9/transforms/902ac11863492b996bf0bbb126af214b/transformed/analysis/instrumentation-hierarchy.bin because:
  Build cache is disabled
  Caching not enabled.
Caching disabled for MergeInstrumentationAnalysisTransform: /home/runner/.gradle/caches/8.9/transforms/902ac11863492b996bf0bbb126af214b/transformed/analysis/instrumentation-dependencies.bin because:
  Build cache is disabled
  Caching not enabled.
Caching disabled for MergeInstrumentationAnalysisTransform: /home/runner/.gradle/caches/modules-2/files-2.1/com.android.tools.build/aapt2-proto/8.7.3-12006047/605bc2d642e5812469ff0333df1b65ead289ccd8/aapt2-proto-8.7.3-12006047.jar because:
  Build cache is disabled
  Caching not enabled.
Transforming aapt2-proto-8.7.3-12006047.jar (com.android.tools.build:aapt2-proto:8.7.3-12006047) with ExternalDependencyInstrumentingArtifactTransform
Caching disabled for ExternalDependencyInstrumentingArtifactTransform: /home/runner/.gradle/caches/8.9/transforms/5e301c9d89b13428a98db238e178165a/transformed/merge/instrumentation-dependencies.bin because:
  Build cache is disabled
  Caching not enabled.
Caching disabled for MergeInstrumentationAnalysisTransform: /home/runner/.gradle/caches/modules-2/files-2.1/com.android.tools.build/bundletool/1.17.1/267feb0f9bcff527cdf35a3544d77ad4d3e636dd/bundletool-1.17.1.jar because:
  Build cache is disabled
  Caching not enabled.
Transforming bundletool-1.17.1.jar (com.android.tools.build:bundletool:1.17.1) with ExternalDependencyInstrumentingArtifactTransform
Caching disabled for ExternalDependencyInstrumentingArtifactTransform: /home/runner/.gradle/caches/8.9/transforms/eeabbdc2abbc4be75e336c2045c07bf3/transformed/merge/instrumentation-dependencies.bin because:
  Build cache is disabled
  Caching not enabled.
Caching disabled for ExternalDependencyInstrumentingArtifactTransform: /home/runner/.gradle/caches/modules-2/files-2.1/com.android.tools.build/aapt2-proto/8.7.3-12006047/605bc2d642e5812469ff0333df1b65ead289ccd8/aapt2-proto-8.7.3-12006047.jar because:
  Build cache is disabled
  Caching not enabled.
Caching disabled for MergeInstrumentationAnalysisTransform: /home/runner/.gradle/caches/8.9/transforms/a1c0eccc0b9db8752b43a4b9a9baff5e/transformed/analysis/instrumentation-hierarchy.bin because:
  Build cache is disabled
  Caching not enabled.
Caching disabled for MergeInstrumentationAnalysisTransform: /home/runner/.gradle/caches/8.9/transforms/a1c0eccc0b9db8752b43a4b9a9baff5e/transformed/analysis/instrumentation-dependencies.bin because:
  Build cache is disabled
  Caching not enabled.
Caching disabled for MergeInstrumentationAnalysisTransform: /home/runner/.gradle/caches/modules-2/files-2.1/com.android.tools.analytics-library/crash/31.7.3/80c9f1f06e8d48d60fa91f4db811cf863e13c67f/crash-31.7.3.jar because:
  Build cache is disabled
  Caching not enabled.
Transforming crash-31.7.3.jar (com.android.tools.analytics-library:crash:31.7.3) with ExternalDependencyInstrumentingArtifactTransform
Caching disabled for ExternalDependencyInstrumentingArtifactTransform: /home/runner/.gradle/caches/8.9/transforms/73c202a2ce5966e932c932db001bdd16/transformed/merge/instrumentation-dependencies.bin because:
  Build cache is disabled
  Caching not enabled.
Caching disabled for ExternalDependencyInstrumentingArtifactTransform: /home/runner/.gradle/caches/modules-2/files-2.1/com.android.tools.analytics-library/crash/31.7.3/80c9f1f06e8d48d60fa91f4db811cf863e13c67f/crash-31.7.3.jar because:
  Build cache is disabled
  Caching not enabled.
Caching disabled for MergeInstrumentationAnalysisTransform: /home/runner/.gradle/caches/8.9/transforms/6c92a0df83dd2dd82d25ac339971a9c2/transformed/analysis/instrumentation-hierarchy.bin because:
  Build cache is disabled
  Caching not enabled.
Caching disabled for MergeInstrumentationAnalysisTransform: /home/runner/.gradle/caches/8.9/transforms/6c92a0df83dd2dd82d25ac339971a9c2/transformed/analysis/instrumentation-dependencies.bin because:
  Build cache is disabled
  Caching not enabled.
Caching disabled for MergeInstrumentationAnalysisTransform: /home/runner/.gradle/caches/modules-2/files-2.1/com.android.tools.analytics-library/tracker/31.7.3/4f92e4165dc453485633b1461e1b822451484000/tracker-31.7.3.jar because:
  Build cache is disabled
  Caching not enabled.
Transforming tracker-31.7.3.jar (com.android.tools.analytics-library:tracker:31.7.3) with ExternalDependencyInstrumentingArtifactTransform
Caching disabled for ExternalDependencyInstrumentingArtifactTransform: /home/runner/.gradle/caches/8.9/transforms/abe3f534d27100e83443e5101a731d7d/transformed/merge/instrumentation-dependencies.bin because:
  Build cache is disabled
  Caching not enabled.
Caching disabled for ExternalDependencyInstrumentingArtifactTransform: /home/runner/.gradle/caches/modules-2/files-2.1/com.android.tools.analytics-library/tracker/31.7.3/4f92e4165dc453485633b1461e1b822451484000/tracker-31.7.3.jar because:
  Build cache is disabled
  Caching not enabled.
Caching disabled for MergeInstrumentationAnalysisTransform: /home/runner/.gradle/caches/8.9/transforms/ea873f1392b5b5fe515a61cbc98fc947/transformed/analysis/instrumentation-hierarchy.bin because:
  Build cache is disabled
  Caching not enabled.
Caching disabled for MergeInstrumentationAnalysisTransform: /home/runner/.gradle/caches/8.9/transforms/ea873f1392b5b5fe515a61cbc98fc947/transformed/analysis/instrumentation-dependencies.bin because:
  Build cache is disabled
  Caching not enabled.
Caching disabled for MergeInstrumentationAnalysisTransform: /home/runner/.gradle/caches/modules-2/files-2.1/com.android.tools.analytics-library/shared/31.7.3/c7741b6bc45fcd3e0bb9dc82739a84273922fb05/shared-31.7.3.jar because:
  Build cache is disabled
  Caching not enabled.
Transforming shared-31.7.3.jar (com.android.tools.analytics-library:shared:31.7.3) with ExternalDependencyInstrumentingArtifactTransform
Caching disabled for ExternalDependencyInstrumentingArtifactTransform: /home/runner/.gradle/caches/8.9/transforms/ef4c1f97859e4418e89726ec6dd9e521/transformed/merge/instrumentation-dependencies.bin because:
  Build cache is disabled
  Caching not enabled.
Caching disabled for ExternalDependencyInstrumentingArtifactTransform: /home/runner/.gradle/caches/modules-2/files-2.1/com.android.tools.analytics-library/shared/31.7.3/c7741b6bc45fcd3e0bb9dc82739a84273922fb05/shared-31.7.3.jar because:
  Build cache is disabled
  Caching not enabled.
Caching disabled for MergeInstrumentationAnalysisTransform: /home/runner/.gradle/caches/8.9/transforms/b6cbbc42c582876d85b5e12ecdb8844b/transformed/analysis/instrumentation-hierarchy.bin because:
  Build cache is disabled
  Caching not enabled.
Caching disabled for MergeInstrumentationAnalysisTransform: /home/runner/.gradle/caches/8.9/transforms/b6cbbc42c582876d85b5e12ecdb8844b/transformed/analysis/instrumentation-dependencies.bin because:
  Build cache is disabled
  Caching not enabled.
Caching disabled for MergeInstrumentationAnalysisTransform: /home/runner/.gradle/caches/modules-2/files-2.1/com.android.tools.lint/lint-typedef-remover/31.7.3/644ab9b8a697ba83702c4e32eaaf95c504e1a522/lint-typedef-remover-31.7.3.jar because:
  Build cache is disabled
  Caching not enabled.
Transforming lint-typedef-remover-31.7.3.jar (com.android.tools.lint:lint-typedef-remover:31.7.3) with ExternalDependencyInstrumentingArtifactTransform
Caching disabled for ExternalDependencyInstrumentingArtifactTransform: /home/runner/.gradle/caches/8.9/transforms/00104ed490e95439154fe6dd1e5f5292/transformed/merge/instrumentation-dependencies.bin because:
  Build cache is disabled
  Caching not enabled.
Caching disabled for ExternalDependencyInstrumentingArtifactTransform: /home/runner/.gradle/caches/modules-2/files-2.1/com.android.tools.lint/lint-typedef-remover/31.7.3/644ab9b8a697ba83702c4e32eaaf95c504e1a522/lint-typedef-remover-31.7.3.jar because:
  Build cache is disabled
  Caching not enabled.
Caching disabled for MergeInstrumentationAnalysisTransform: /home/runner/.gradle/caches/8.9/transforms/70982f8dd3e322a69e1af0c4ff2698d2/transformed/analysis/instrumentation-hierarchy.bin because:
  Build cache is disabled
  Caching not enabled.
Caching disabled for MergeInstrumentationAnalysisTransform: /home/runner/.gradle/caches/8.9/transforms/70982f8dd3e322a69e1af0c4ff2698d2/transformed/analysis/instrumentation-dependencies.bin because:
  Build cache is disabled
  Caching not enabled.
Caching disabled for MergeInstrumentationAnalysisTransform: /home/runner/.gradle/caches/modules-2/files-2.1/androidx.databinding/databinding-compiler-common/8.7.3/72f4e6aa81b849277d5601b88a4c94b4ac73d3a2/databinding-compiler-common-8.7.3.jar because:
  Build cache is disabled
  Caching not enabled.
Transforming databinding-compiler-common-8.7.3.jar (androidx.databinding:databinding-compiler-common:8.7.3) with ExternalDependencyInstrumentingArtifactTransform
Caching disabled for ExternalDependencyInstrumentingArtifactTransform: /home/runner/.gradle/caches/8.9/transforms/a019162e3387af7d87450a162fd10bac/transformed/merge/instrumentation-dependencies.bin because:
  Build cache is disabled
  Caching not enabled.
Caching disabled for ExternalDependencyInstrumentingArtifactTransform: /home/runner/.gradle/caches/modules-2/files-2.1/androidx.databinding/databinding-compiler-common/8.7.3/72f4e6aa81b849277d5601b88a4c94b4ac73d3a2/databinding-compiler-common-8.7.3.jar because:
  Build cache is disabled
  Caching not enabled.
Caching disabled for MergeInstrumentationAnalysisTransform: /home/runner/.gradle/caches/8.9/transforms/bb6550ddeee6fa96c994d523390d5dec/transformed/analysis/instrumentation-hierarchy.bin because:
  Build cache is disabled
  Caching not enabled.
Caching disabled for MergeInstrumentationAnalysisTransform: /home/runner/.gradle/caches/8.9/transforms/bb6550ddeee6fa96c994d523390d5dec/transformed/analysis/instrumentation-dependencies.bin because:
  Build cache is disabled
  Caching not enabled.
Caching disabled for MergeInstrumentationAnalysisTransform: /home/runner/.gradle/caches/modules-2/files-2.1/androidx.databinding/databinding-common/8.7.3/2be3530b78477835e69dce953b17adc1dbc5c6fa/databinding-common-8.7.3.jar because:
  Build cache is disabled
  Caching not enabled.
Transforming databinding-common-8.7.3.jar (androidx.databinding:databinding-common:8.7.3) with ExternalDependencyInstrumentingArtifactTransform
Caching disabled for ExternalDependencyInstrumentingArtifactTransform: /home/runner/.gradle/caches/8.9/transforms/37c663f8f009e1952a818f82b8611273/transformed/merge/instrumentation-dependencies.bin because:
  Build cache is disabled
  Caching not enabled.
Caching disabled for ExternalDependencyInstrumentingArtifactTransform: /home/runner/.gradle/caches/modules-2/files-2.1/androidx.databinding/databinding-common/8.7.3/2be3530b78477835e69dce953b17adc1dbc5c6fa/databinding-common-8.7.3.jar because:
  Build cache is disabled
  Caching not enabled.
Caching disabled for MergeInstrumentationAnalysisTransform: /home/runner/.gradle/caches/8.9/transforms/63c9176df116f21cb48737da1a87f805/transformed/analysis/instrumentation-hierarchy.bin because:
  Build cache is disabled
  Caching not enabled.
Caching disabled for MergeInstrumentationAnalysisTransform: /home/runner/.gradle/caches/8.9/transforms/63c9176df116f21cb48737da1a87f805/transformed/analysis/instrumentation-dependencies.bin because:
  Build cache is disabled
  Caching not enabled.
Caching disabled for MergeInstrumentationAnalysisTransform: /home/runner/.gradle/caches/modules-2/files-2.1/com.android.databinding/baseLibrary/8.7.3/7e7399239e52d4069896277615e005add7ae8e5a/baseLibrary-8.7.3.jar because:
  Build cache is disabled
  Caching not enabled.
Transforming baseLibrary-8.7.3.jar (com.android.databinding:baseLibrary:8.7.3) with ExternalDependencyInstrumentingArtifactTransform
Caching disabled for ExternalDependencyInstrumentingArtifactTransform: /home/runner/.gradle/caches/8.9/transforms/bbdf0dcc8e986cafa55c6559a974d59e/transformed/merge/instrumentation-dependencies.bin because:
  Build cache is disabled
  Caching not enabled.
Caching disabled for ExternalDependencyInstrumentingArtifactTransform: /home/runner/.gradle/caches/modules-2/files-2.1/com.android.databinding/baseLibrary/8.7.3/7e7399239e52d4069896277615e005add7ae8e5a/baseLibrary-8.7.3.jar because:
  Build cache is disabled
  Caching not enabled.
Caching disabled for MergeInstrumentationAnalysisTransform: /home/runner/.gradle/caches/8.9/transforms/86a6b530e406ccd3548bebda5f418bf0/transformed/analysis/instrumentation-hierarchy.bin because:
  Build cache is disabled
  Caching not enabled.
Caching disabled for MergeInstrumentationAnalysisTransform: /home/runner/.gradle/caches/8.9/transforms/86a6b530e406ccd3548bebda5f418bf0/transformed/analysis/instrumentation-dependencies.bin because:
  Build cache is disabled
  Caching not enabled.
Caching disabled for MergeInstrumentationAnalysisTransform: /home/runner/.gradle/caches/modules-2/files-2.1/com.android.tools.layoutlib/layoutlib-api/31.7.3/6abada4555fa60825ea5f353443a7e561445c4f0/layoutlib-api-31.7.3.jar because:
  Build cache is disabled
  Caching not enabled.
Transforming layoutlib-api-31.7.3.jar (com.android.tools.layoutlib:layoutlib-api:31.7.3) with ExternalDependencyInstrumentingArtifactTransform
Caching disabled for ExternalDependencyInstrumentingArtifactTransform: /home/runner/.gradle/caches/8.9/transforms/98b5b0f3ace48b572418b18ce17920cf/transformed/merge/instrumentation-dependencies.bin because:
  Build cache is disabled
  Caching not enabled.
Caching disabled for ExternalDependencyInstrumentingArtifactTransform: /home/runner/.gradle/caches/modules-2/files-2.1/com.android.tools.layoutlib/layoutlib-api/31.7.3/6abada4555fa60825ea5f353443a7e561445c4f0/layoutlib-api-31.7.3.jar because:
  Build cache is disabled
  Caching not enabled.
Caching disabled for MergeInstrumentationAnalysisTransform: /home/runner/.gradle/caches/8.9/transforms/1375d761250d88fb0fc3726f54d796b4/transformed/analysis/instrumentation-hierarchy.bin because:
  Build cache is disabled
  Caching not enabled.
Caching disabled for MergeInstrumentationAnalysisTransform: /home/runner/.gradle/caches/8.9/transforms/1375d761250d88fb0fc3726f54d796b4/transformed/analysis/instrumentation-dependencies.bin because:
  Build cache is disabled
  Caching not enabled.
Caching disabled for MergeInstrumentationAnalysisTransform: /home/runner/.gradle/caches/modules-2/files-2.1/com.android.tools.utp/android-device-provider-ddmlib-proto/31.7.3/732647a1df2d9405dbbc944ccb1a9153d7dc3e3a/android-device-provider-ddmlib-proto-31.7.3.jar because:
  Build cache is disabled
  Caching not enabled.
Transforming android-device-provider-ddmlib-proto-31.7.3.jar (com.android.tools.utp:android-device-provider-ddmlib-proto:31.7.3) with ExternalDependencyInstrumentingArtifactTransform
Caching disabled for ExternalDependencyInstrumentingArtifactTransform: /home/runner/.gradle/caches/8.9/transforms/3553cd279f4b08e182025baf38ee2e6c/transformed/merge/instrumentation-dependencies.bin because:
  Build cache is disabled
  Caching not enabled.
Caching disabled for ExternalDependencyInstrumentingArtifactTransform: /home/runner/.gradle/caches/modules-2/files-2.1/com.android.tools.utp/android-device-provider-ddmlib-proto/31.7.3/732647a1df2d9405dbbc944ccb1a9153d7dc3e3a/android-device-provider-ddmlib-proto-31.7.3.jar because:
  Build cache is disabled
  Caching not enabled.
Caching disabled for MergeInstrumentationAnalysisTransform: /home/runner/.gradle/caches/8.9/transforms/a053cc87dbb87dade1111eca18b14fa2/transformed/analysis/instrumentation-hierarchy.bin because:
  Build cache is disabled
  Caching not enabled.
Caching disabled for MergeInstrumentationAnalysisTransform: /home/runner/.gradle/caches/8.9/transforms/a053cc87dbb87dade1111eca18b14fa2/transformed/analysis/instrumentation-dependencies.bin because:
  Build cache is disabled
  Caching not enabled.
Caching disabled for MergeInstrumentationAnalysisTransform: /home/runner/.gradle/caches/modules-2/files-2.1/com.android.tools.utp/android-device-provider-gradle-proto/31.7.3/9f4923a6c0e213f00c1cc31720d1535f2d8517fe/android-device-provider-gradle-proto-31.7.3.jar because:
  Build cache is disabled
  Caching not enabled.
Transforming android-device-provider-gradle-proto-31.7.3.jar (com.android.tools.utp:android-device-provider-gradle-proto:31.7.3) with ExternalDependencyInstrumentingArtifactTransform
Caching disabled for ExternalDependencyInstrumentingArtifactTransform: /home/runner/.gradle/caches/8.9/transforms/35e17d21a9b493d543296dfbbbd907d0/transformed/merge/instrumentation-dependencies.bin because:
  Build cache is disabled
  Caching not enabled.
Caching disabled for ExternalDependencyInstrumentingArtifactTransform: /home/runner/.gradle/caches/modules-2/files-2.1/com.android.tools.utp/android-device-provider-gradle-proto/31.7.3/9f4923a6c0e213f00c1cc31720d1535f2d8517fe/android-device-provider-gradle-proto-31.7.3.jar because:
  Build cache is disabled
  Caching not enabled.
Caching disabled for MergeInstrumentationAnalysisTransform: /home/runner/.gradle/caches/8.9/transforms/0b0bed8af700d7ae499e278e6d39a6c2/transformed/analysis/instrumentation-hierarchy.bin because:
  Build cache is disabled
  Caching not enabled.
Caching disabled for MergeInstrumentationAnalysisTransform: /home/runner/.gradle/caches/8.9/transforms/0b0bed8af700d7ae499e278e6d39a6c2/transformed/analysis/instrumentation-dependencies.bin because:
  Build cache is disabled
  Caching not enabled.
Caching disabled for MergeInstrumentationAnalysisTransform: /home/runner/.gradle/caches/modules-2/files-2.1/com.android.tools.utp/android-device-provider-profile-proto/31.7.3/5d4fe489b09ee45524d665a175aad834ecf2c81d/android-device-provider-profile-proto-31.7.3.jar because:
  Build cache is disabled
  Caching not enabled.
Transforming android-device-provider-profile-proto-31.7.3.jar (com.android.tools.utp:android-device-provider-profile-proto:31.7.3) with ExternalDependencyInstrumentingArtifactTransform
Caching disabled for ExternalDependencyInstrumentingArtifactTransform: /home/runner/.gradle/caches/8.9/transforms/53a3b7462d75156a7b06d764fb8554cc/transformed/merge/instrumentation-dependencies.bin because:
  Build cache is disabled
  Caching not enabled.
Caching disabled for ExternalDependencyInstrumentingArtifactTransform: /home/runner/.gradle/caches/modules-2/files-2.1/com.android.tools.utp/android-device-provider-profile-proto/31.7.3/5d4fe489b09ee45524d665a175aad834ecf2c81d/android-device-provider-profile-proto-31.7.3.jar because:
  Build cache is disabled
  Caching not enabled.
Caching disabled for MergeInstrumentationAnalysisTransform: /home/runner/.gradle/caches/8.9/transforms/e60be35b6b81ac77f256f0aca63c5753/transformed/analysis/instrumentation-hierarchy.bin because:
  Build cache is disabled
  Caching not enabled.
Caching disabled for MergeInstrumentationAnalysisTransform: /home/runner/.gradle/caches/8.9/transforms/e60be35b6b81ac77f256f0aca63c5753/transformed/analysis/instrumentation-dependencies.bin because:
  Build cache is disabled
  Caching not enabled.
Caching disabled for MergeInstrumentationAnalysisTransform: /home/runner/.gradle/caches/modules-2/files-2.1/com.android.tools.utp/android-test-plugin-host-additional-test-output-proto/31.7.3/c02332c53d95a3e0ccd7ad9d6d97f8fec5d1a469/android-test-plugin-host-additional-test-output-proto-31.7.3.jar because:
  Build cache is disabled
  Caching not enabled.
Transforming android-test-plugin-host-additional-test-output-proto-31.7.3.jar (com.android.tools.utp:android-test-plugin-host-additional-test-output-proto:31.7.3) with ExternalDependencyInstrumentingArtifactTransform
Caching disabled for ExternalDependencyInstrumentingArtifactTransform: /home/runner/.gradle/caches/8.9/transforms/d31d09d8f2540a3ad3c4b06a75d5c563/transformed/merge/instrumentation-dependencies.bin because:
  Build cache is disabled
  Caching not enabled.
Caching disabled for ExternalDependencyInstrumentingArtifactTransform: /home/runner/.gradle/caches/modules-2/files-2.1/com.android.tools.utp/android-test-plugin-host-additional-test-output-proto/31.7.3/c02332c53d95a3e0ccd7ad9d6d97f8fec5d1a469/android-test-plugin-host-additional-test-output-proto-31.7.3.jar because:
  Build cache is disabled
  Caching not enabled.
Caching disabled for MergeInstrumentationAnalysisTransform: /home/runner/.gradle/caches/8.9/transforms/3ad47f2384f869663683d0b37e2b5123/transformed/analysis/instrumentation-hierarchy.bin because:
  Build cache is disabled
  Caching not enabled.
Caching disabled for MergeInstrumentationAnalysisTransform: /home/runner/.gradle/caches/8.9/transforms/3ad47f2384f869663683d0b37e2b5123/transformed/analysis/instrumentation-dependencies.bin because:
  Build cache is disabled
  Caching not enabled.
Caching disabled for MergeInstrumentationAnalysisTransform: /home/runner/.gradle/caches/modules-2/files-2.1/com.android.tools.utp/android-test-plugin-host-coverage-proto/31.7.3/c780344aab70a33c454ad697295e12278fed16db/android-test-plugin-host-coverage-proto-31.7.3.jar because:
  Build cache is disabled
  Caching not enabled.
Transforming android-test-plugin-host-coverage-proto-31.7.3.jar (com.android.tools.utp:android-test-plugin-host-coverage-proto:31.7.3) with ExternalDependencyInstrumentingArtifactTransform
Caching disabled for ExternalDependencyInstrumentingArtifactTransform: /home/runner/.gradle/caches/8.9/transforms/f5c182497118a9025c7e229385de9ddc/transformed/merge/instrumentation-dependencies.bin because:
  Build cache is disabled
  Caching not enabled.
Caching disabled for ExternalDependencyInstrumentingArtifactTransform: /home/runner/.gradle/caches/modules-2/files-2.1/com.android.tools.utp/android-test-plugin-host-coverage-proto/31.7.3/c780344aab70a33c454ad697295e12278fed16db/android-test-plugin-host-coverage-proto-31.7.3.jar because:
  Build cache is disabled
  Caching not enabled.
Caching disabled for MergeInstrumentationAnalysisTransform: /home/runner/.gradle/caches/8.9/transforms/336b761364725eadb0ba3386b434a084/transformed/analysis/instrumentation-hierarchy.bin because:
  Build cache is disabled
  Caching not enabled.
Caching disabled for MergeInstrumentationAnalysisTransform: /home/runner/.gradle/caches/8.9/transforms/336b761364725eadb0ba3386b434a084/transformed/analysis/instrumentation-dependencies.bin because:
  Build cache is disabled
  Caching not enabled.
Caching disabled for MergeInstrumentationAnalysisTransform: /home/runner/.gradle/caches/modules-2/files-2.1/com.android.tools.utp/android-test-plugin-host-emulator-control-proto/31.7.3/faaddb0258a839e6ab89fe2acbe20ce29b403b43/android-test-plugin-host-emulator-control-proto-31.7.3.jar because:
  Build cache is disabled
  Caching not enabled.
Transforming android-test-plugin-host-emulator-control-proto-31.7.3.jar (com.android.tools.utp:android-test-plugin-host-emulator-control-proto:31.7.3) with ExternalDependencyInstrumentingArtifactTransform
Caching disabled for ExternalDependencyInstrumentingArtifactTransform: /home/runner/.gradle/caches/8.9/transforms/6545962d551e77855c2dc44813e40b97/transformed/merge/instrumentation-dependencies.bin because:
  Build cache is disabled
  Caching not enabled.
Caching disabled for ExternalDependencyInstrumentingArtifactTransform: /home/runner/.gradle/caches/modules-2/files-2.1/com.android.tools.utp/android-test-plugin-host-emulator-control-proto/31.7.3/faaddb0258a839e6ab89fe2acbe20ce29b403b43/android-test-plugin-host-emulator-control-proto-31.7.3.jar because:
  Build cache is disabled
  Caching not enabled.
Caching disabled for MergeInstrumentationAnalysisTransform: /home/runner/.gradle/caches/8.9/transforms/91569e96d4341d07594b2c52e8e310a6/transformed/analysis/instrumentation-hierarchy.bin because:
  Build cache is disabled
  Caching not enabled.
Caching disabled for MergeInstrumentationAnalysisTransform: /home/runner/.gradle/caches/8.9/transforms/91569e96d4341d07594b2c52e8e310a6/transformed/analysis/instrumentation-dependencies.bin because:
  Build cache is disabled
  Caching not enabled.
Caching disabled for MergeInstrumentationAnalysisTransform: /home/runner/.gradle/caches/modules-2/files-2.1/com.android.tools.utp/android-test-plugin-host-logcat-proto/31.7.3/d8f873c14c5c65746b97801c2c6cae506d0b3d29/android-test-plugin-host-logcat-proto-31.7.3.jar because:
  Build cache is disabled
  Caching not enabled.
Transforming android-test-plugin-host-logcat-proto-31.7.3.jar (com.android.tools.utp:android-test-plugin-host-logcat-proto:31.7.3) with ExternalDependencyInstrumentingArtifactTransform
Caching disabled for ExternalDependencyInstrumentingArtifactTransform: /home/runner/.gradle/caches/8.9/transforms/b895f4c3d7b40241f9bd7a5a43fd99b9/transformed/merge/instrumentation-dependencies.bin because:
  Build cache is disabled
  Caching not enabled.
Caching disabled for ExternalDependencyInstrumentingArtifactTransform: /home/runner/.gradle/caches/modules-2/files-2.1/com.android.tools.utp/android-test-plugin-host-logcat-proto/31.7.3/d8f873c14c5c65746b97801c2c6cae506d0b3d29/android-test-plugin-host-logcat-proto-31.7.3.jar because:
  Build cache is disabled
  Caching not enabled.
Caching disabled for MergeInstrumentationAnalysisTransform: /home/runner/.gradle/caches/8.9/transforms/80c8cb384a72960259d2014af99e4a37/transformed/analysis/instrumentation-hierarchy.bin because:
  Build cache is disabled
  Caching not enabled.
Caching disabled for MergeInstrumentationAnalysisTransform: /home/runner/.gradle/caches/8.9/transforms/80c8cb384a72960259d2014af99e4a37/transformed/analysis/instrumentation-dependencies.bin because:
  Build cache is disabled
  Caching not enabled.
Caching disabled for MergeInstrumentationAnalysisTransform: /home/runner/.gradle/caches/modules-2/files-2.1/com.android.tools.utp/android-test-plugin-host-apk-installer-proto/31.7.3/695cf71232626eeca4d84f72314196b270ca1c11/android-test-plugin-host-apk-installer-proto-31.7.3.jar because:
  Build cache is disabled
  Caching not enabled.
Transforming android-test-plugin-host-apk-installer-proto-31.7.3.jar (com.android.tools.utp:android-test-plugin-host-apk-installer-proto:31.7.3) with ExternalDependencyInstrumentingArtifactTransform
Caching disabled for ExternalDependencyInstrumentingArtifactTransform: /home/runner/.gradle/caches/8.9/transforms/e5a7d46c97356917cfafcbcc1b3cc2d1/transformed/merge/instrumentation-dependencies.bin because:
  Build cache is disabled
  Caching not enabled.
Caching disabled for ExternalDependencyInstrumentingArtifactTransform: /home/runner/.gradle/caches/modules-2/files-2.1/com.android.tools.utp/android-test-plugin-host-apk-installer-proto/31.7.3/695cf71232626eeca4d84f72314196b270ca1c11/android-test-plugin-host-apk-installer-proto-31.7.3.jar because:
  Build cache is disabled
  Caching not enabled.
Caching disabled for MergeInstrumentationAnalysisTransform: /home/runner/.gradle/caches/8.9/transforms/097d34378671457f7ed752f37b7db192/transformed/analysis/instrumentation-hierarchy.bin because:
  Build cache is disabled
  Caching not enabled.
Caching disabled for MergeInstrumentationAnalysisTransform: /home/runner/.gradle/caches/8.9/transforms/097d34378671457f7ed752f37b7db192/transformed/analysis/instrumentation-dependencies.bin because:
  Build cache is disabled
  Caching not enabled.
Caching disabled for MergeInstrumentationAnalysisTransform: /home/runner/.gradle/caches/modules-2/files-2.1/com.android.tools.utp/android-test-plugin-host-retention-proto/31.7.3/8ef946d4477f3b40b3bcb7d151131483b6d77d67/android-test-plugin-host-retention-proto-31.7.3.jar because:
  Build cache is disabled
  Caching not enabled.
Transforming android-test-plugin-host-retention-proto-31.7.3.jar (com.android.tools.utp:android-test-plugin-host-retention-proto:31.7.3) with ExternalDependencyInstrumentingArtifactTransform
Caching disabled for ExternalDependencyInstrumentingArtifactTransform: /home/runner/.gradle/caches/8.9/transforms/231bed632e2626f1ba5f5930bfa0b36e/transformed/merge/instrumentation-dependencies.bin because:
  Build cache is disabled
  Caching not enabled.
Caching disabled for ExternalDependencyInstrumentingArtifactTransform: /home/runner/.gradle/caches/modules-2/files-2.1/com.android.tools.utp/android-test-plugin-host-retention-proto/31.7.3/8ef946d4477f3b40b3bcb7d151131483b6d77d67/android-test-plugin-host-retention-proto-31.7.3.jar because:
  Build cache is disabled
  Caching not enabled.
Caching disabled for MergeInstrumentationAnalysisTransform: /home/runner/.gradle/caches/8.9/transforms/dd39f1f777807e994db76ca37808e8d2/transformed/analysis/instrumentation-hierarchy.bin because:
  Build cache is disabled
  Caching not enabled.
Caching disabled for MergeInstrumentationAnalysisTransform: /home/runner/.gradle/caches/8.9/transforms/dd39f1f777807e994db76ca37808e8d2/transformed/analysis/instrumentation-dependencies.bin because:
  Build cache is disabled
  Caching not enabled.
Caching disabled for MergeInstrumentationAnalysisTransform: /home/runner/.gradle/caches/modules-2/files-2.1/com.android.tools.utp/android-test-plugin-result-listener-gradle-proto/31.7.3/f51d5e35aa252438265500d79fc2d314b7555b94/android-test-plugin-result-listener-gradle-proto-31.7.3.jar because:
  Build cache is disabled
  Caching not enabled.
Transforming android-test-plugin-result-listener-gradle-proto-31.7.3.jar (com.android.tools.utp:android-test-plugin-result-listener-gradle-proto:31.7.3) with ExternalDependencyInstrumentingArtifactTransform
Caching disabled for ExternalDependencyInstrumentingArtifactTransform: /home/runner/.gradle/caches/8.9/transforms/38f733205caf5a38ac9df7bad5042e08/transformed/merge/instrumentation-dependencies.bin because:
  Build cache is disabled
  Caching not enabled.
Caching disabled for ExternalDependencyInstrumentingArtifactTransform: /home/runner/.gradle/caches/modules-2/files-2.1/com.android.tools.utp/android-test-plugin-result-listener-gradle-proto/31.7.3/f51d5e35aa252438265500d79fc2d314b7555b94/android-test-plugin-result-listener-gradle-proto-31.7.3.jar because:
  Build cache is disabled
  Caching not enabled.
Caching disabled for MergeInstrumentationAnalysisTransform: /home/runner/.gradle/caches/8.9/transforms/69839b2e7344409fd772c258e61e8172/transformed/analysis/instrumentation-hierarchy.bin because:
  Build cache is disabled
  Caching not enabled.
Caching disabled for MergeInstrumentationAnalysisTransform: /home/runner/.gradle/caches/8.9/transforms/69839b2e7344409fd772c258e61e8172/transformed/analysis/instrumentation-dependencies.bin because:
  Build cache is disabled
  Caching not enabled.
Caching disabled for MergeInstrumentationAnalysisTransform: /home/runner/.gradle/caches/modules-2/files-2.1/com.android.tools.build/builder-model/8.7.3/149bea893f64cd61fe89b519550bf779e4314e94/builder-model-8.7.3.jar because:
  Build cache is disabled
  Caching not enabled.
Transforming builder-model-8.7.3.jar (com.android.tools.build:builder-model:8.7.3) with ExternalDependencyInstrumentingArtifactTransform
Caching disabled for ExternalDependencyInstrumentingArtifactTransform: /home/runner/.gradle/caches/8.9/transforms/38dfc1a58794407ccc17a3d088866184/transformed/merge/instrumentation-dependencies.bin because:
  Build cache is disabled
  Caching not enabled.
Caching disabled for ExternalDependencyInstrumentingArtifactTransform: /home/runner/.gradle/caches/modules-2/files-2.1/com.android.tools.build/builder-model/8.7.3/149bea893f64cd61fe89b519550bf779e4314e94/builder-model-8.7.3.jar because:
  Build cache is disabled
  Caching not enabled.
Caching disabled for MergeInstrumentationAnalysisTransform: /home/runner/.gradle/caches/8.9/transforms/bd83601293a071e4f73d3ba402ff8d3f/transformed/analysis/instrumentation-hierarchy.bin because:
  Build cache is disabled
  Caching not enabled.
Caching disabled for MergeInstrumentationAnalysisTransform: /home/runner/.gradle/caches/8.9/transforms/bd83601293a071e4f73d3ba402ff8d3f/transformed/analysis/instrumentation-dependencies.bin because:
  Build cache is disabled
  Caching not enabled.
Caching disabled for MergeInstrumentationAnalysisTransform: /home/runner/.gradle/caches/modules-2/files-2.1/com.android.tools/dvlib/31.7.3/2632b8524a1f8673e394f5e8477172884d90ed3f/dvlib-31.7.3.jar because:
  Build cache is disabled
  Caching not enabled.
Transforming dvlib-31.7.3.jar (com.android.tools:dvlib:31.7.3) with ExternalDependencyInstrumentingArtifactTransform
Caching disabled for ExternalDependencyInstrumentingArtifactTransform: /home/runner/.gradle/caches/8.9/transforms/47bb2ada43b10751ba498690c2ef18d0/transformed/merge/instrumentation-dependencies.bin because:
  Build cache is disabled
  Caching not enabled.
Caching disabled for ExternalDependencyInstrumentingArtifactTransform: /home/runner/.gradle/caches/modules-2/files-2.1/com.android.tools/dvlib/31.7.3/2632b8524a1f8673e394f5e8477172884d90ed3f/dvlib-31.7.3.jar because:
  Build cache is disabled
  Caching not enabled.
Caching disabled for MergeInstrumentationAnalysisTransform: /home/runner/.gradle/caches/8.9/transforms/36a1950dcfcffbd3061d33164f4e5df1/transformed/analysis/instrumentation-hierarchy.bin because:
  Build cache is disabled
  Caching not enabled.
Caching disabled for MergeInstrumentationAnalysisTransform: /home/runner/.gradle/caches/8.9/transforms/36a1950dcfcffbd3061d33164f4e5df1/transformed/analysis/instrumentation-dependencies.bin because:
  Build cache is disabled
  Caching not enabled.
Caching disabled for MergeInstrumentationAnalysisTransform: /home/runner/.gradle/caches/modules-2/files-2.1/com.android.tools/common/31.7.3/c3df7b51ee1a72acf051e0e5efbeb8023fb4ea57/common-31.7.3.jar because:
  Build cache is disabled
  Caching not enabled.
Transforming common-31.7.3.jar (com.android.tools:common:31.7.3) with ExternalDependencyInstrumentingArtifactTransform
Caching disabled for ExternalDependencyInstrumentingArtifactTransform: /home/runner/.gradle/caches/8.9/transforms/b94d5018d347ec32d4e702cc5a220734/transformed/merge/instrumentation-dependencies.bin because:
  Build cache is disabled
  Caching not enabled.
Caching disabled for ExternalDependencyInstrumentingArtifactTransform: /home/runner/.gradle/caches/modules-2/files-2.1/com.android.tools/common/31.7.3/c3df7b51ee1a72acf051e0e5efbeb8023fb4ea57/common-31.7.3.jar because:
  Build cache is disabled
  Caching not enabled.
Caching disabled for MergeInstrumentationAnalysisTransform: /home/runner/.gradle/caches/8.9/transforms/d223969eb53ab8e82104fd70e9df0472/transformed/analysis/instrumentation-hierarchy.bin because:
  Build cache is disabled
  Caching not enabled.
Caching disabled for MergeInstrumentationAnalysisTransform: /home/runner/.gradle/caches/8.9/transforms/d223969eb53ab8e82104fd70e9df0472/transformed/analysis/instrumentation-dependencies.bin because:
  Build cache is disabled
  Caching not enabled.
Caching disabled for MergeInstrumentationAnalysisTransform: /home/runner/.gradle/caches/modules-2/files-2.1/com.android.tools.build.jetifier/jetifier-processor/1.0.0-beta10/946c39eb0c052ff4f60a8939648a8b99af20d604/jetifier-processor-1.0.0-beta10.jar because:
  Build cache is disabled
  Caching not enabled.
Transforming jetifier-processor-1.0.0-beta10.jar (com.android.tools.build.jetifier:jetifier-processor:1.0.0-beta10) with ExternalDependencyInstrumentingArtifactTransform
Caching disabled for ExternalDependencyInstrumentingArtifactTransform: /home/runner/.gradle/caches/8.9/transforms/a278dba5de0f3ac8e4c05d0e202ac068/transformed/merge/instrumentation-dependencies.bin because:
  Build cache is disabled
  Caching not enabled.
Caching disabled for ExternalDependencyInstrumentingArtifactTransform: /home/runner/.gradle/caches/modules-2/files-2.1/com.android.tools.build.jetifier/jetifier-processor/1.0.0-beta10/946c39eb0c052ff4f60a8939648a8b99af20d604/jetifier-processor-1.0.0-beta10.jar because:
  Build cache is disabled
  Caching not enabled.
Caching disabled for MergeInstrumentationAnalysisTransform: /home/runner/.gradle/caches/8.9/transforms/b8a938fd8f691dbc0a4b6128adc7cc6b/transformed/analysis/instrumentation-hierarchy.bin because:
  Build cache is disabled
  Caching not enabled.
Caching disabled for MergeInstrumentationAnalysisTransform: /home/runner/.gradle/caches/8.9/transforms/b8a938fd8f691dbc0a4b6128adc7cc6b/transformed/analysis/instrumentation-dependencies.bin because:
  Build cache is disabled
  Caching not enabled.
Caching disabled for MergeInstrumentationAnalysisTransform: /home/runner/.gradle/caches/modules-2/files-2.1/com.android.tools.build.jetifier/jetifier-core/1.0.0-beta10/6e621022a9c95af12a7004d6b55805bbd1126837/jetifier-core-1.0.0-beta10.jar because:
  Build cache is disabled
  Caching not enabled.
Transforming jetifier-core-1.0.0-beta10.jar (com.android.tools.build.jetifier:jetifier-core:1.0.0-beta10) with ExternalDependencyInstrumentingArtifactTransform
Caching disabled for ExternalDependencyInstrumentingArtifactTransform: /home/runner/.gradle/caches/8.9/transforms/7973e696cc1166080adb2ded3f080663/transformed/merge/instrumentation-dependencies.bin because:
  Build cache is disabled
  Caching not enabled.
Caching disabled for ExternalDependencyInstrumentingArtifactTransform: /home/runner/.gradle/caches/modules-2/files-2.1/com.android.tools.build.jetifier/jetifier-core/1.0.0-beta10/6e621022a9c95af12a7004d6b55805bbd1126837/jetifier-core-1.0.0-beta10.jar because:
  Build cache is disabled
  Caching not enabled.
Caching disabled for MergeInstrumentationAnalysisTransform: /home/runner/.gradle/caches/8.9/transforms/545d6bbaae88be1d3731520a3399cc17/transformed/analysis/instrumentation-hierarchy.bin because:
  Build cache is disabled
  Caching not enabled.
Caching disabled for MergeInstrumentationAnalysisTransform: /home/runner/.gradle/caches/8.9/transforms/545d6bbaae88be1d3731520a3399cc17/transformed/analysis/instrumentation-dependencies.bin because:
  Build cache is disabled
  Caching not enabled.
Caching disabled for MergeInstrumentationAnalysisTransform: /home/runner/.gradle/caches/modules-2/files-2.1/org.jetbrains.kotlin/kotlin-reflect/1.9.20/34eeb4eed5f493cdbb760ef50a5653ec414006bf/kotlin-reflect-1.9.20.jar because:
  Build cache is disabled
  Caching not enabled.
Transforming kotlin-reflect-1.9.20.jar (org.jetbrains.kotlin:kotlin-reflect:1.9.20) with ExternalDependencyInstrumentingArtifactTransform
Caching disabled for ExternalDependencyInstrumentingArtifactTransform: /home/runner/.gradle/caches/8.9/transforms/0bf3bea72ecd80a1ab9ac2470575a663/transformed/merge/instrumentation-dependencies.bin because:
  Build cache is disabled
  Caching not enabled.
Caching disabled for ExternalDependencyInstrumentingArtifactTransform: /home/runner/.gradle/caches/modules-2/files-2.1/com.android.tools.build/gradle/8.7.3/557c0eaed243df7b293d8b1f2c252d97fcc71dda/gradle-8.7.3.jar because:
  Build cache is disabled
  Caching not enabled.
Caching disabled for MergeInstrumentationAnalysisTransform: /home/runner/.gradle/caches/8.9/transforms/87fc52b505724757ded5d2d86951a340/transformed/analysis/instrumentation-hierarchy.bin because:
  Build cache is disabled
  Caching not enabled.
Caching disabled for MergeInstrumentationAnalysisTransform: /home/runner/.gradle/caches/8.9/transforms/87fc52b505724757ded5d2d86951a340/transformed/analysis/instrumentation-dependencies.bin because:
  Build cache is disabled
  Caching not enabled.
Caching disabled for ExternalDependencyInstrumentingArtifactTransform: /home/runner/.gradle/caches/modules-2/files-2.1/org.jetbrains.kotlin/kotlin-reflect/1.9.20/34eeb4eed5f493cdbb760ef50a5653ec414006bf/kotlin-reflect-1.9.20.jar because:
  Build cache is disabled
  Caching not enabled.
Caching disabled for MergeInstrumentationAnalysisTransform: /home/runner/.gradle/caches/modules-2/files-2.1/org.jetbrains.kotlin/kotlin-stdlib-jdk7/1.9.20/8b4b73f4e08efaae93fc01d8c6eaab58a72d2ab3/kotlin-stdlib-jdk7-1.9.20.jar because:
  Build cache is disabled
  Caching not enabled.
Caching disabled for MergeInstrumentationAnalysisTransform: /home/runner/.gradle/caches/8.9/transforms/77a2d9e7dbf428974d5614dc8a962b42/transformed/analysis/instrumentation-hierarchy.bin because:
  Build cache is disabled
  Caching not enabled.
Transforming kotlin-stdlib-jdk7-1.9.20.jar (org.jetbrains.kotlin:kotlin-stdlib-jdk7:1.9.20) with ExternalDependencyInstrumentingArtifactTransform
Caching disabled for MergeInstrumentationAnalysisTransform: /home/runner/.gradle/caches/8.9/transforms/77a2d9e7dbf428974d5614dc8a962b42/transformed/analysis/instrumentation-dependencies.bin because:
  Build cache is disabled
  Caching not enabled.
Caching disabled for ExternalDependencyInstrumentingArtifactTransform: /home/runner/.gradle/caches/8.9/transforms/536be1a979b5f59aa2f22a934a372e78/transformed/merge/instrumentation-dependencies.bin because:
  Build cache is disabled
  Caching not enabled.
Caching disabled for MergeInstrumentationAnalysisTransform: /home/runner/.gradle/caches/modules-2/files-2.1/org.jetbrains.kotlin/kotlin-stdlib/1.9.20/e58b4816ac517e9cc5df1db051120c63d4cde669/kotlin-stdlib-1.9.20.jar because:
  Build cache is disabled
  Caching not enabled.
Transforming kotlin-stdlib-1.9.20.jar (org.jetbrains.kotlin:kotlin-stdlib:1.9.20) with ExternalDependencyInstrumentingArtifactTransform
Caching disabled for ExternalDependencyInstrumentingArtifactTransform: /home/runner/.gradle/caches/8.9/transforms/3d45a0166ccd14eb49ba39c75d6c43c1/transformed/merge/instrumentation-dependencies.bin because:
  Build cache is disabled
  Caching not enabled.
Caching disabled for ExternalDependencyInstrumentingArtifactTransform: /home/runner/.gradle/caches/modules-2/files-2.1/org.jetbrains.kotlin/kotlin-stdlib-jdk7/1.9.20/8b4b73f4e08efaae93fc01d8c6eaab58a72d2ab3/kotlin-stdlib-jdk7-1.9.20.jar because:
  Build cache is disabled
  Caching not enabled.
Caching disabled for MergeInstrumentationAnalysisTransform: /home/runner/.gradle/caches/8.9/transforms/c8aebfa310216ebbdaec44b2f5cd998a/transformed/analysis/instrumentation-dependencies.bin because:
  Build cache is disabled
  Caching not enabled.
Caching disabled for MergeInstrumentationAnalysisTransform: /home/runner/.gradle/caches/modules-2/files-2.1/org.jetbrains.kotlin/kotlin-stdlib-jdk8/1.9.20/e2b4d1f475ae0606d063a84fce4dccdb45c7e12a/kotlin-stdlib-jdk8-1.9.20.jar because:
  Build cache is disabled
  Caching not enabled.
Transforming kotlin-stdlib-jdk8-1.9.20.jar (org.jetbrains.kotlin:kotlin-stdlib-jdk8:1.9.20) with ExternalDependencyInstrumentingArtifactTransform
Caching disabled for ExternalDependencyInstrumentingArtifactTransform: /home/runner/.gradle/caches/8.9/transforms/84fd7d01715e8343efab8c65f504a278/transformed/merge/instrumentation-dependencies.bin because:
  Build cache is disabled
  Caching not enabled.
Caching disabled for ExternalDependencyInstrumentingArtifactTransform: /home/runner/.gradle/caches/modules-2/files-2.1/org.jetbrains.kotlin/kotlin-stdlib-jdk8/1.9.20/e2b4d1f475ae0606d063a84fce4dccdb45c7e12a/kotlin-stdlib-jdk8-1.9.20.jar because:
  Build cache is disabled
  Caching not enabled.
Caching disabled for MergeInstrumentationAnalysisTransform: /home/runner/.gradle/caches/8.9/transforms/a7d4242aa20e3ffad02acb6ec76d1340/transformed/analysis/instrumentation-dependencies.bin because:
  Build cache is disabled
  Caching not enabled.
Caching disabled for MergeInstrumentationAnalysisTransform: /home/runner/.gradle/caches/modules-2/files-2.1/com.android.tools.build/transform-api/2.0.0-deprecated-use-gradle-api/47f6c56527c42425742fa9b56ffd3fd80763fe03/transform-api-2.0.0-deprecated-use-gradle-api.jar because:
  Build cache is disabled
  Caching not enabled.
Transforming transform-api-2.0.0-deprecated-use-gradle-api.jar (com.android.tools.build:transform-api:2.0.0-deprecated-use-gradle-api) with ExternalDependencyInstrumentingArtifactTransform
Caching disabled for ExternalDependencyInstrumentingArtifactTransform: /home/runner/.gradle/caches/8.9/transforms/67864402187e07e067de15a18f1a73f9/transformed/merge/instrumentation-dependencies.bin because:
  Build cache is disabled
  Caching not enabled.
Caching disabled for ExternalDependencyInstrumentingArtifactTransform: /home/runner/.gradle/caches/modules-2/files-2.1/com.android.tools.build/transform-api/2.0.0-deprecated-use-gradle-api/47f6c56527c42425742fa9b56ffd3fd80763fe03/transform-api-2.0.0-deprecated-use-gradle-api.jar because:
  Build cache is disabled
  Caching not enabled.
Caching disabled for MergeInstrumentationAnalysisTransform: /home/runner/.gradle/caches/8.9/transforms/8b4a1163120f94361801ae37f55083a5/transformed/analysis/instrumentation-hierarchy.bin because:
  Build cache is disabled
  Caching not enabled.
Caching disabled for MergeInstrumentationAnalysisTransform: /home/runner/.gradle/caches/8.9/transforms/8b4a1163120f94361801ae37f55083a5/transformed/analysis/instrumentation-dependencies.bin because:
  Build cache is disabled
  Caching not enabled.
Caching disabled for MergeInstrumentationAnalysisTransform: /home/runner/.gradle/caches/modules-2/files-2.1/org.apache.httpcomponents/httpmime/4.5.6/164343da11db817e81e24e0d9869527e069850c9/httpmime-4.5.6.jar because:
  Build cache is disabled
  Caching not enabled.
Transforming httpmime-4.5.6.jar (org.apache.httpcomponents:httpmime:4.5.6) with ExternalDependencyInstrumentingArtifactTransform
Caching disabled for ExternalDependencyInstrumentingArtifactTransform: /home/runner/.gradle/caches/8.9/transforms/233e6659e89c982039205161e89a1a49/transformed/merge/instrumentation-dependencies.bin because:
  Build cache is disabled
  Caching not enabled.
Caching disabled for ExternalDependencyInstrumentingArtifactTransform: /home/runner/.gradle/caches/modules-2/files-2.1/org.apache.httpcomponents/httpmime/4.5.6/164343da11db817e81e24e0d9869527e069850c9/httpmime-4.5.6.jar because:
  Build cache is disabled
  Caching not enabled.
Caching disabled for MergeInstrumentationAnalysisTransform: /home/runner/.gradle/caches/8.9/transforms/495289baacb155f59f6c6677daa1ac96/transformed/analysis/instrumentation-hierarchy.bin because:
  Build cache is disabled
  Caching not enabled.
Caching disabled for MergeInstrumentationAnalysisTransform: /home/runner/.gradle/caches/8.9/transforms/495289baacb155f59f6c6677daa1ac96/transformed/analysis/instrumentation-dependencies.bin because:
  Build cache is disabled
  Caching not enabled.
Caching disabled for MergeInstrumentationAnalysisTransform: /home/runner/.gradle/caches/modules-2/files-2.1/commons-io/commons-io/2.13.0/8bb2bc9b4df17e2411533a0708a69f983bf5e83b/commons-io-2.13.0.jar because:
  Build cache is disabled
  Caching not enabled.
Transforming commons-io-2.13.0.jar (commons-io:commons-io:2.13.0) with ExternalDependencyInstrumentingArtifactTransform
Caching disabled for ExternalDependencyInstrumentingArtifactTransform: /home/runner/.gradle/caches/8.9/transforms/ed840c405886f863b0fd6b9ea5f6da18/transformed/merge/instrumentation-dependencies.bin because:
  Build cache is disabled
  Caching not enabled.
Caching disabled for ExternalDependencyInstrumentingArtifactTransform: /home/runner/.gradle/caches/modules-2/files-2.1/commons-io/commons-io/2.13.0/8bb2bc9b4df17e2411533a0708a69f983bf5e83b/commons-io-2.13.0.jar because:
  Build cache is disabled
  Caching not enabled.
Caching disabled for MergeInstrumentationAnalysisTransform: /home/runner/.gradle/caches/8.9/transforms/7de611c7aef5f14720e057bf8f323b63/transformed/analysis/instrumentation-hierarchy.bin because:
  Build cache is disabled
  Caching not enabled.
Caching disabled for MergeInstrumentationAnalysisTransform: /home/runner/.gradle/caches/8.9/transforms/7de611c7aef5f14720e057bf8f323b63/transformed/analysis/instrumentation-dependencies.bin because:
  Build cache is disabled
  Caching not enabled.
Caching disabled for ExternalDependencyInstrumentingArtifactTransform: /home/runner/.gradle/caches/modules-2/files-2.1/com.android.tools.build/builder/8.7.3/8d3e529cc87e89552433c8337bd0b616ef545fa1/builder-8.7.3.jar because:
  Build cache is disabled
  Caching not enabled.
Caching disabled for ExternalDependencyInstrumentingArtifactTransform: /home/runner/.gradle/caches/modules-2/files-2.1/org.jetbrains.kotlin/kotlin-stdlib/1.9.20/e58b4816ac517e9cc5df1db051120c63d4cde669/kotlin-stdlib-1.9.20.jar because:
  Build cache is disabled
  Caching not enabled.
Caching disabled for MergeInstrumentationAnalysisTransform: /home/runner/.gradle/caches/modules-2/files-2.1/org.ow2.asm/asm-commons/9.6/f1a9e5508eff490744144565c47326c8648be309/asm-commons-9.6.jar because:
  Build cache is disabled
  Caching not enabled.
Caching disabled for MergeInstrumentationAnalysisTransform: /home/runner/.gradle/caches/8.9/transforms/d4946ab997502ecb48feb2140ee9d9c8/transformed/analysis/instrumentation-hierarchy.bin because:
  Build cache is disabled
  Caching not enabled.
Caching disabled for MergeInstrumentationAnalysisTransform: /home/runner/.gradle/caches/8.9/transforms/d4946ab997502ecb48feb2140ee9d9c8/transformed/analysis/instrumentation-dependencies.bin because:
  Build cache is disabled
  Caching not enabled.
Caching disabled for MergeInstrumentationAnalysisTransform: /home/runner/.gradle/caches/8.9/transforms/af2c96bb9c89b5471bd10941dde5c0c0/transformed/analysis/instrumentation-hierarchy.bin because:
  Build cache is disabled
  Caching not enabled.
Transforming asm-commons-9.6.jar (org.ow2.asm:asm-commons:9.6) with ExternalDependencyInstrumentingArtifactTransform
Caching disabled for MergeInstrumentationAnalysisTransform: /home/runner/.gradle/caches/8.9/transforms/af2c96bb9c89b5471bd10941dde5c0c0/transformed/analysis/instrumentation-dependencies.bin because:
  Build cache is disabled
  Caching not enabled.
Caching disabled for ExternalDependencyInstrumentingArtifactTransform: /home/runner/.gradle/caches/8.9/transforms/553df52660535aec74b6f94b8cd1dff3/transformed/merge/instrumentation-dependencies.bin because:
  Build cache is disabled
  Caching not enabled.
Caching disabled for MergeInstrumentationAnalysisTransform: /home/runner/.gradle/caches/modules-2/files-2.1/org.ow2.asm/asm-util/9.6/f77caf84eb93786a749b2baa40865b9613e3eaee/asm-util-9.6.jar because:
  Build cache is disabled
  Caching not enabled.
Transforming asm-util-9.6.jar (org.ow2.asm:asm-util:9.6) with ExternalDependencyInstrumentingArtifactTransform
Caching disabled for ExternalDependencyInstrumentingArtifactTransform: /home/runner/.gradle/caches/8.9/transforms/e6e31fd511cb2f5e7685d2a615f65265/transformed/merge/instrumentation-dependencies.bin because:
  Build cache is disabled
  Caching not enabled.
Caching disabled for MergeInstrumentationAnalysisTransform: /home/runner/.gradle/caches/modules-2/files-2.1/org.ow2.asm/asm-analysis/9.6/9ce6c7b174bd997fc2552dff47964546bd7a5ec3/asm-analysis-9.6.jar because:
  Build cache is disabled
  Caching not enabled.
Transforming asm-analysis-9.6.jar (org.ow2.asm:asm-analysis:9.6) with ExternalDependencyInstrumentingArtifactTransform
Caching disabled for ExternalDependencyInstrumentingArtifactTransform: /home/runner/.gradle/caches/8.9/transforms/36c83b66b8a992e87918abe1d88ced74/transformed/merge/instrumentation-dependencies.bin because:
  Build cache is disabled
  Caching not enabled.
Caching disabled for ExternalDependencyInstrumentingArtifactTransform: /home/runner/.gradle/caches/modules-2/files-2.1/org.ow2.asm/asm-commons/9.6/f1a9e5508eff490744144565c47326c8648be309/asm-commons-9.6.jar because:
  Build cache is disabled
  Caching not enabled.
Caching disabled for ExternalDependencyInstrumentingArtifactTransform: /home/runner/.gradle/caches/modules-2/files-2.1/org.ow2.asm/asm-analysis/9.6/9ce6c7b174bd997fc2552dff47964546bd7a5ec3/asm-analysis-9.6.jar because:
  Build cache is disabled
  Caching not enabled.
Caching disabled for MergeInstrumentationAnalysisTransform: /home/runner/.gradle/caches/8.9/transforms/192a0ba563655c98b8e103ebc05019c1/transformed/analysis/instrumentation-hierarchy.bin because:
  Build cache is disabled
  Caching not enabled.
Caching disabled for MergeInstrumentationAnalysisTransform: /home/runner/.gradle/caches/8.9/transforms/192a0ba563655c98b8e103ebc05019c1/transformed/analysis/instrumentation-dependencies.bin because:
  Build cache is disabled
  Caching not enabled.
Caching disabled for MergeInstrumentationAnalysisTransform: /home/runner/.gradle/caches/modules-2/files-2.1/org.ow2.asm/asm-tree/9.6/c0cdda9d211e965d2a4448aa3fd86110f2f8c2de/asm-tree-9.6.jar because:
  Build cache is disabled
  Caching not enabled.
Caching disabled for MergeInstrumentationAnalysisTransform: /home/runner/.gradle/caches/8.9/transforms/32064ece3d8c8e6339ee5ce1610eebdd/transformed/analysis/instrumentation-hierarchy.bin because:
  Build cache is disabled
  Caching not enabled.
Caching disabled for ExternalDependencyInstrumentingArtifactTransform: /home/runner/.gradle/caches/modules-2/files-2.1/org.ow2.asm/asm-util/9.6/f77caf84eb93786a749b2baa40865b9613e3eaee/asm-util-9.6.jar because:
  Build cache is disabled
  Caching not enabled.
Transforming asm-tree-9.6.jar (org.ow2.asm:asm-tree:9.6) with ExternalDependencyInstrumentingArtifactTransform
Caching disabled for ExternalDependencyInstrumentingArtifactTransform: /home/runner/.gradle/caches/8.9/transforms/3cd79410b910ce2b76cc9130f96a5152/transformed/merge/instrumentation-dependencies.bin because:
  Build cache is disabled
  Caching not enabled.
Caching disabled for MergeInstrumentationAnalysisTransform: /home/runner/.gradle/caches/8.9/transforms/32064ece3d8c8e6339ee5ce1610eebdd/transformed/analysis/instrumentation-dependencies.bin because:
  Build cache is disabled
  Caching not enabled.
Caching disabled for MergeInstrumentationAnalysisTransform: /home/runner/.gradle/caches/modules-2/files-2.1/org.ow2.asm/asm/9.6/aa205cf0a06dbd8e04ece91c0b37c3f5d567546a/asm-9.6.jar because:
  Build cache is disabled
  Caching not enabled.
Caching disabled for MergeInstrumentationAnalysisTransform: /home/runner/.gradle/caches/8.9/transforms/c248ad272b3fefe118f3c36d976c0527/transformed/analysis/instrumentation-hierarchy.bin because:
  Build cache is disabled
  Caching not enabled.
Transforming asm-9.6.jar (org.ow2.asm:asm:9.6) with ExternalDependencyInstrumentingArtifactTransform
Caching disabled for ExternalDependencyInstrumentingArtifactTransform: /home/runner/.gradle/caches/8.9/transforms/d6ecda398574933f571b0ae921c3899e/transformed/merge/instrumentation-dependencies.bin because:
  Build cache is disabled
  Caching not enabled.
Caching disabled for MergeInstrumentationAnalysisTransform: /home/runner/.gradle/caches/8.9/transforms/c248ad272b3fefe118f3c36d976c0527/transformed/analysis/instrumentation-dependencies.bin because:
  Build cache is disabled
  Caching not enabled.
Caching disabled for ExternalDependencyInstrumentingArtifactTransform: /home/runner/.gradle/caches/modules-2/files-2.1/org.ow2.asm/asm-tree/9.6/c0cdda9d211e965d2a4448aa3fd86110f2f8c2de/asm-tree-9.6.jar because:
  Build cache is disabled
  Caching not enabled.
Caching disabled for MergeInstrumentationAnalysisTransform: /home/runner/.gradle/caches/8.9/transforms/989bf7c2227a3e60f58987f839dbb9e4/transformed/analysis/instrumentation-hierarchy.bin because:
  Build cache is disabled
  Caching not enabled.
Caching disabled for MergeInstrumentationAnalysisTransform: /home/runner/.gradle/caches/8.9/transforms/989bf7c2227a3e60f58987f839dbb9e4/transformed/analysis/instrumentation-dependencies.bin because:
  Build cache is disabled
  Caching not enabled.
Caching disabled for MergeInstrumentationAnalysisTransform: /home/runner/.gradle/caches/modules-2/files-2.1/com.android.tools.build/apkzlib/8.7.3/d656b52facbb301b8bdc1e40a5ae008bcf335fe9/apkzlib-8.7.3.jar because:
  Build cache is disabled
  Caching not enabled.
Transforming apkzlib-8.7.3.jar (com.android.tools.build:apkzlib:8.7.3) with ExternalDependencyInstrumentingArtifactTransform
Caching disabled for ExternalDependencyInstrumentingArtifactTransform: /home/runner/.gradle/caches/8.9/transforms/69dd624d9c9e03030a0ecbdeea24409a/transformed/merge/instrumentation-dependencies.bin because:
  Build cache is disabled
  Caching not enabled.
Caching disabled for MergeInstrumentationAnalysisTransform: /home/runner/.gradle/caches/modules-2/files-2.1/org.bouncycastle/bcpkix-jdk18on/1.77/ed953791ba0229747dd0fd9911e3d76a462acfd3/bcpkix-jdk18on-1.77.jar because:
  Build cache is disabled
  Caching not enabled.
Caching disabled for ExternalDependencyInstrumentingArtifactTransform: /home/runner/.gradle/caches/modules-2/files-2.1/org.ow2.asm/asm/9.6/aa205cf0a06dbd8e04ece91c0b37c3f5d567546a/asm-9.6.jar because:
  Build cache is disabled
  Caching not enabled.
Transforming bcpkix-jdk18on-1.77.jar (org.bouncycastle:bcpkix-jdk18on:1.77) with ExternalDependencyInstrumentingArtifactTransform
Caching disabled for ExternalDependencyInstrumentingArtifactTransform: /home/runner/.gradle/caches/8.9/transforms/21c409da360425d15c3c7a5d14278b32/transformed/merge/instrumentation-dependencies.bin because:
  Build cache is disabled
  Caching not enabled.
Caching disabled for MergeInstrumentationAnalysisTransform: /home/runner/.gradle/caches/8.9/transforms/bca83af1ccf4d61c0dc05981f370d7e5/transformed/analysis/instrumentation-hierarchy.bin because:
  Build cache is disabled
  Caching not enabled.
Caching disabled for MergeInstrumentationAnalysisTransform: /home/runner/.gradle/caches/8.9/transforms/bca83af1ccf4d61c0dc05981f370d7e5/transformed/analysis/instrumentation-dependencies.bin because:
  Build cache is disabled
  Caching not enabled.
Caching disabled for MergeInstrumentationAnalysisTransform: /home/runner/.gradle/caches/modules-2/files-2.1/org.glassfish.jaxb/jaxb-runtime/2.3.2/5528bc882ea499a09d720b42af11785c4fc6be2a/jaxb-runtime-2.3.2.jar because:
  Build cache is disabled
  Caching not enabled.
Transforming jaxb-runtime-2.3.2.jar (org.glassfish.jaxb:jaxb-runtime:2.3.2) with ExternalDependencyInstrumentingArtifactTransform
Caching disabled for ExternalDependencyInstrumentingArtifactTransform: /home/runner/.gradle/caches/8.9/transforms/c0b483164d2dfd5965cd80a8b6424e45/transformed/merge/instrumentation-dependencies.bin because:
  Build cache is disabled
  Caching not enabled.
Caching disabled for ExternalDependencyInstrumentingArtifactTransform: /home/runner/.gradle/caches/modules-2/files-2.1/com.android.tools.build/apkzlib/8.7.3/d656b52facbb301b8bdc1e40a5ae008bcf335fe9/apkzlib-8.7.3.jar because:
  Build cache is disabled
  Caching not enabled.
Caching disabled for MergeInstrumentationAnalysisTransform: /home/runner/.gradle/caches/8.9/transforms/a83f104b29721c44fe0c61e09412ad99/transformed/analysis/instrumentation-hierarchy.bin because:
  Build cache is disabled
  Caching not enabled.
Caching disabled for MergeInstrumentationAnalysisTransform: /home/runner/.gradle/caches/8.9/transforms/a83f104b29721c44fe0c61e09412ad99/transformed/analysis/instrumentation-dependencies.bin because:
  Build cache is disabled
  Caching not enabled.
Caching disabled for MergeInstrumentationAnalysisTransform: /home/runner/.gradle/caches/modules-2/files-2.1/net.sf.jopt-simple/jopt-simple/4.9/ee9e9eaa0a35360dcfeac129ff4923215fd65904/jopt-simple-4.9.jar because:
  Build cache is disabled
  Caching not enabled.
Transforming jopt-simple-4.9.jar (net.sf.jopt-simple:jopt-simple:4.9) with ExternalDependencyInstrumentingArtifactTransform
Caching disabled for ExternalDependencyInstrumentingArtifactTransform: /home/runner/.gradle/caches/8.9/transforms/bcf0187681dffe477d5380d5c45440c7/transformed/merge/instrumentation-dependencies.bin because:
  Build cache is disabled
  Caching not enabled.
Caching disabled for ExternalDependencyInstrumentingArtifactTransform: /home/runner/.gradle/caches/modules-2/files-2.1/net.sf.jopt-simple/jopt-simple/4.9/ee9e9eaa0a35360dcfeac129ff4923215fd65904/jopt-simple-4.9.jar because:
  Build cache is disabled
  Caching not enabled.
Caching disabled for MergeInstrumentationAnalysisTransform: /home/runner/.gradle/caches/8.9/transforms/9ae3cd8984962bf095bdaa0c4ef9388b/transformed/analysis/instrumentation-hierarchy.bin because:
  Build cache is disabled
  Caching not enabled.
Caching disabled for ExternalDependencyInstrumentingArtifactTransform: /home/runner/.gradle/caches/modules-2/files-2.1/org.glassfish.jaxb/jaxb-runtime/2.3.2/5528bc882ea499a09d720b42af11785c4fc6be2a/jaxb-runtime-2.3.2.jar because:
  Build cache is disabled
  Caching not enabled.
Caching disabled for MergeInstrumentationAnalysisTransform: /home/runner/.gradle/caches/8.9/transforms/4969014ab055a54da5fd491dcb266a43/transformed/analysis/instrumentation-hierarchy.bin because:
  Build cache is disabled
  Caching not enabled.
Caching disabled for MergeInstrumentationAnalysisTransform: /home/runner/.gradle/caches/8.9/transforms/4969014ab055a54da5fd491dcb266a43/transformed/analysis/instrumentation-dependencies.bin because:
  Build cache is disabled
  Caching not enabled.
Caching disabled for MergeInstrumentationAnalysisTransform: /home/runner/.gradle/caches/modules-2/files-2.1/com.google.protobuf/protobuf-java-util/3.22.3/749cd4fe8ab52f37bc186193802ba19f5b284647/protobuf-java-util-3.22.3.jar because:
  Build cache is disabled
  Caching not enabled.
Transforming protobuf-java-util-3.22.3.jar (com.google.protobuf:protobuf-java-util:3.22.3) with ExternalDependencyInstrumentingArtifactTransform
Caching disabled for ExternalDependencyInstrumentingArtifactTransform: /home/runner/.gradle/caches/modules-2/files-2.1/org.bouncycastle/bcpkix-jdk18on/1.77/ed953791ba0229747dd0fd9911e3d76a462acfd3/bcpkix-jdk18on-1.77.jar because:
  Build cache is disabled
  Caching not enabled.
Caching disabled for ExternalDependencyInstrumentingArtifactTransform: /home/runner/.gradle/caches/8.9/transforms/dc7f91e10e4d2daa5844819f029c887d/transformed/merge/instrumentation-dependencies.bin because:
  Build cache is disabled
  Caching not enabled.
Caching disabled for MergeInstrumentationAnalysisTransform: /home/runner/.gradle/caches/8.9/transforms/f7eb8e35151d0f6721beab60f74fbc05/transformed/analysis/instrumentation-hierarchy.bin because:
  Build cache is disabled
  Caching not enabled.
Caching disabled for MergeInstrumentationAnalysisTransform: /home/runner/.gradle/caches/8.9/transforms/f7eb8e35151d0f6721beab60f74fbc05/transformed/analysis/instrumentation-dependencies.bin because:
  Build cache is disabled
  Caching not enabled.
Caching disabled for ExternalDependencyInstrumentingArtifactTransform: /home/runner/.gradle/caches/modules-2/files-2.1/com.google.protobuf/protobuf-java-util/3.22.3/749cd4fe8ab52f37bc186193802ba19f5b284647/protobuf-java-util-3.22.3.jar because:
  Build cache is disabled
  Caching not enabled.
Caching disabled for MergeInstrumentationAnalysisTransform: /home/runner/.gradle/caches/modules-2/files-2.1/io.grpc/grpc-protobuf/1.57.0/49986e40de6cbd14ba26247639b18ab0bac921c1/grpc-protobuf-1.57.0.jar because:
  Build cache is disabled
  Caching not enabled.
Transforming grpc-protobuf-1.57.0.jar (io.grpc:grpc-protobuf:1.57.0) with ExternalDependencyInstrumentingArtifactTransform
Caching disabled for ExternalDependencyInstrumentingArtifactTransform: /home/runner/.gradle/caches/8.9/transforms/c275cbb505ecf9a05e3710c33c318658/transformed/merge/instrumentation-dependencies.bin because:
  Build cache is disabled
  Caching not enabled.
Caching disabled for MergeInstrumentationAnalysisTransform: /home/runner/.gradle/caches/8.9/transforms/0759993524352e9f975bf477ce4826d5/transformed/analysis/instrumentation-hierarchy.bin because:
  Build cache is disabled
  Caching not enabled.
Caching disabled for MergeInstrumentationAnalysisTransform: /home/runner/.gradle/caches/8.9/transforms/0759993524352e9f975bf477ce4826d5/transformed/analysis/instrumentation-dependencies.bin because:
  Build cache is disabled
  Caching not enabled.
Caching disabled for ExternalDependencyInstrumentingArtifactTransform: /home/runner/.gradle/caches/modules-2/files-2.1/io.grpc/grpc-protobuf/1.57.0/49986e40de6cbd14ba26247639b18ab0bac921c1/grpc-protobuf-1.57.0.jar because:
  Build cache is disabled
  Caching not enabled.
Caching disabled for MergeInstrumentationAnalysisTransform: /home/runner/.gradle/caches/8.9/transforms/0a6bd126a9b26dea0923c7e4bdd51a06/transformed/analysis/instrumentation-hierarchy.bin because:
  Build cache is disabled
  Caching not enabled.
Caching disabled for MergeInstrumentationAnalysisTransform: /home/runner/.gradle/caches/8.9/transforms/0a6bd126a9b26dea0923c7e4bdd51a06/transformed/analysis/instrumentation-dependencies.bin because:
  Build cache is disabled
  Caching not enabled.
Caching disabled for MergeInstrumentationAnalysisTransform: /home/runner/.gradle/caches/modules-2/files-2.1/com.google.crypto.tink/tink/1.7.0/668b57f109d32349b2870448f06ae6f202713edc/tink-1.7.0.jar because:
  Build cache is disabled
  Caching not enabled.
Transforming tink-1.7.0.jar (com.google.crypto.tink:tink:1.7.0) with ExternalDependencyInstrumentingArtifactTransform
Caching disabled for ExternalDependencyInstrumentingArtifactTransform: /home/runner/.gradle/caches/8.9/transforms/148d3ccf5b1a9ffc99f9329666e534fc/transformed/merge/instrumentation-dependencies.bin because:
  Build cache is disabled
  Caching not enabled.
Caching disabled for MergeInstrumentationAnalysisTransform: /home/runner/.gradle/caches/modules-2/files-2.1/com.android.tools.analytics-library/protos/31.7.3/71afde62826a0dd766603edb6ff96d291c138083/protos-31.7.3.jar because:
  Build cache is disabled
  Caching not enabled.
Transforming protos-31.7.3.jar (com.android.tools.analytics-library:protos:31.7.3) with ExternalDependencyInstrumentingArtifactTransform
Caching disabled for ExternalDependencyInstrumentingArtifactTransform: /home/runner/.gradle/caches/8.9/transforms/71eaf5985a839d67bee42759ff2e3fde/transformed/merge/instrumentation-dependencies.bin because:
  Build cache is disabled
  Caching not enabled.
Caching disabled for MergeInstrumentationAnalysisTransform: /home/runner/.gradle/caches/8.9/transforms/9ae3cd8984962bf095bdaa0c4ef9388b/transformed/analysis/instrumentation-dependencies.bin because:
  Build cache is disabled
  Caching not enabled.
Caching disabled for ExternalDependencyInstrumentingArtifactTransform: /home/runner/.gradle/caches/modules-2/files-2.1/com.android.tools.build/bundletool/1.17.1/267feb0f9bcff527cdf35a3544d77ad4d3e636dd/bundletool-1.17.1.jar because:
  Build cache is disabled
  Caching not enabled.
Caching disabled for MergeInstrumentationAnalysisTransform: /home/runner/.gradle/caches/modules-2/files-2.1/com.squareup/javapoet/1.10.0/712c178d35185d8261295913c9f2a7d6867a6007/javapoet-1.10.0.jar because:
  Build cache is disabled
  Caching not enabled.
Caching disabled for MergeInstrumentationAnalysisTransform: /home/runner/.gradle/caches/8.9/transforms/237fac6d04e18e9db2ab2e3190053bab/transformed/analysis/instrumentation-hierarchy.bin because:
  Build cache is disabled
  Caching not enabled.
Transforming javapoet-1.10.0.jar (com.squareup:javapoet:1.10.0) with ExternalDependencyInstrumentingArtifactTransform
Caching disabled for MergeInstrumentationAnalysisTransform: /home/runner/.gradle/caches/8.9/transforms/237fac6d04e18e9db2ab2e3190053bab/transformed/analysis/instrumentation-dependencies.bin because:
  Build cache is disabled
  Caching not enabled.
Caching disabled for ExternalDependencyInstrumentingArtifactTransform: /home/runner/.gradle/caches/8.9/transforms/0ca07a1cca7b4483cd40672a7605d298/transformed/merge/instrumentation-dependencies.bin because:
  Build cache is disabled
  Caching not enabled.
Caching disabled for MergeInstrumentationAnalysisTransform: /home/runner/.gradle/caches/modules-2/files-2.1/com.google.api.grpc/proto-google-common-protos/2.17.0/7edf1e3aa96dc3861f7a8f24556c714e9c5b292/proto-google-common-protos-2.17.0.jar because:
  Build cache is disabled
  Caching not enabled.
Transforming proto-google-common-protos-2.17.0.jar (com.google.api.grpc:proto-google-common-protos:2.17.0) with ExternalDependencyInstrumentingArtifactTransform
Caching disabled for ExternalDependencyInstrumentingArtifactTransform: /home/runner/.gradle/caches/8.9/transforms/a373ebc6ca08da68e8ee8aa13e17bf9d/transformed/merge/instrumentation-dependencies.bin because:
  Build cache is disabled
  Caching not enabled.
Caching disabled for ExternalDependencyInstrumentingArtifactTransform: /home/runner/.gradle/caches/modules-2/files-2.1/com.squareup/javapoet/1.10.0/712c178d35185d8261295913c9f2a7d6867a6007/javapoet-1.10.0.jar because:
  Build cache is disabled
  Caching not enabled.
Caching disabled for MergeInstrumentationAnalysisTransform: /home/runner/.gradle/caches/8.9/transforms/e88eea235314c3e3a42ba10660412526/transformed/analysis/instrumentation-hierarchy.bin because:
  Build cache is disabled
  Caching not enabled.
Caching disabled for MergeInstrumentationAnalysisTransform: /home/runner/.gradle/caches/8.9/transforms/e88eea235314c3e3a42ba10660412526/transformed/analysis/instrumentation-dependencies.bin because:
  Build cache is disabled
  Caching not enabled.
Caching disabled for MergeInstrumentationAnalysisTransform: /home/runner/.gradle/caches/modules-2/files-2.1/com.google.protobuf/protobuf-java/3.22.3/fdee98b8f6abab73f146a4edb4c09e56f8278d03/protobuf-java-3.22.3.jar because:
  Build cache is disabled
  Caching not enabled.
Transforming protobuf-java-3.22.3.jar (com.google.protobuf:protobuf-java:3.22.3) with ExternalDependencyInstrumentingArtifactTransform
Caching disabled for ExternalDependencyInstrumentingArtifactTransform: /home/runner/.gradle/caches/8.9/transforms/4a05fcc08d81800d1f996d95669275ae/transformed/merge/instrumentation-dependencies.bin because:
  Build cache is disabled
  Caching not enabled.
Caching disabled for ExternalDependencyInstrumentingArtifactTransform: /home/runner/.gradle/caches/modules-2/files-2.1/com.google.crypto.tink/tink/1.7.0/668b57f109d32349b2870448f06ae6f202713edc/tink-1.7.0.jar because:
  Build cache is disabled
  Caching not enabled.
Caching disabled for MergeInstrumentationAnalysisTransform: /home/runner/.gradle/caches/8.9/transforms/26b7dc38abfd9a98453c19ec6ad16cc3/transformed/analysis/instrumentation-hierarchy.bin because:
  Build cache is disabled
  Caching not enabled.
Caching disabled for MergeInstrumentationAnalysisTransform: /home/runner/.gradle/caches/8.9/transforms/26b7dc38abfd9a98453c19ec6ad16cc3/transformed/analysis/instrumentation-dependencies.bin because:
  Build cache is disabled
  Caching not enabled.
Caching disabled for MergeInstrumentationAnalysisTransform: /home/runner/.gradle/caches/modules-2/files-2.1/io.grpc/grpc-netty/1.57.0/99cc01516c2fd1d134bf2585c2b38fa400804986/grpc-netty-1.57.0.jar because:
  Build cache is disabled
  Caching not enabled.
Transforming grpc-netty-1.57.0.jar (io.grpc:grpc-netty:1.57.0) with ExternalDependencyInstrumentingArtifactTransform
Caching disabled for ExternalDependencyInstrumentingArtifactTransform: /home/runner/.gradle/caches/8.9/transforms/5c80050e35b6c15222e9254efcab9063/transformed/merge/instrumentation-dependencies.bin because:
  Build cache is disabled
  Caching not enabled.
Caching disabled for ExternalDependencyInstrumentingArtifactTransform: /home/runner/.gradle/caches/modules-2/files-2.1/com.google.protobuf/protobuf-java/3.22.3/fdee98b8f6abab73f146a4edb4c09e56f8278d03/protobuf-java-3.22.3.jar because:
  Build cache is disabled
  Caching not enabled.
Caching disabled for MergeInstrumentationAnalysisTransform: /home/runner/.gradle/caches/8.9/transforms/8f8c01e72e23b8eccd4f26c16c8162d2/transformed/analysis/instrumentation-hierarchy.bin because:
  Build cache is disabled
  Caching not enabled.
Caching disabled for MergeInstrumentationAnalysisTransform: /home/runner/.gradle/caches/8.9/transforms/8f8c01e72e23b8eccd4f26c16c8162d2/transformed/analysis/instrumentation-dependencies.bin because:
  Build cache is disabled
  Caching not enabled.
Caching disabled for ExternalDependencyInstrumentingArtifactTransform: /home/runner/.gradle/caches/modules-2/files-2.1/io.grpc/grpc-netty/1.57.0/99cc01516c2fd1d134bf2585c2b38fa400804986/grpc-netty-1.57.0.jar because:
  Build cache is disabled
  Caching not enabled.
Caching disabled for MergeInstrumentationAnalysisTransform: /home/runner/.gradle/caches/8.9/transforms/07d166442946ee7f2658c2320bda88da/transformed/analysis/instrumentation-hierarchy.bin because:
  Build cache is disabled
  Caching not enabled.
Caching disabled for MergeInstrumentationAnalysisTransform: /home/runner/.gradle/caches/8.9/transforms/07d166442946ee7f2658c2320bda88da/transformed/analysis/instrumentation-dependencies.bin because:
  Build cache is disabled
  Caching not enabled.
Caching disabled for MergeInstrumentationAnalysisTransform: /home/runner/.gradle/caches/modules-2/files-2.1/io.grpc/grpc-core/1.57.0/2b6ef5166f31315098fff9bb85f33ab5fed58f6b/grpc-core-1.57.0.jar because:
  Build cache is disabled
  Caching not enabled.
Transforming grpc-core-1.57.0.jar (io.grpc:grpc-core:1.57.0) with ExternalDependencyInstrumentingArtifactTransform
Caching disabled for ExternalDependencyInstrumentingArtifactTransform: /home/runner/.gradle/caches/8.9/transforms/88d78612fd7f9825b772c9e4a402128d/transformed/merge/instrumentation-dependencies.bin because:
  Build cache is disabled
  Caching not enabled.
Caching disabled for MergeInstrumentationAnalysisTransform: /home/runner/.gradle/caches/modules-2/files-2.1/com.google.code.gson/gson/2.10.1/b3add478d4382b78ea20b1671390a858002feb6c/gson-2.10.1.jar because:
  Build cache is disabled
  Caching not enabled.
Transforming gson-2.10.1.jar (com.google.code.gson:gson:2.10.1) with ExternalDependencyInstrumentingArtifactTransform
Caching disabled for ExternalDependencyInstrumentingArtifactTransform: /home/runner/.gradle/caches/8.9/transforms/dd3436139102da85cf4c6059aae0202c/transformed/merge/instrumentation-dependencies.bin because:
  Build cache is disabled
  Caching not enabled.
Caching disabled for ExternalDependencyInstrumentingArtifactTransform: /home/runner/.gradle/caches/modules-2/files-2.1/com.google.api.grpc/proto-google-common-protos/2.17.0/7edf1e3aa96dc3861f7a8f24556c714e9c5b292/proto-google-common-protos-2.17.0.jar because:
  Build cache is disabled
  Caching not enabled.
Caching disabled for ExternalDependencyInstrumentingArtifactTransform: /home/runner/.gradle/caches/modules-2/files-2.1/com.google.code.gson/gson/2.10.1/b3add478d4382b78ea20b1671390a858002feb6c/gson-2.10.1.jar because:
  Build cache is disabled
  Caching not enabled.
Caching disabled for MergeInstrumentationAnalysisTransform: /home/runner/.gradle/caches/8.9/transforms/b9662a4592733429a7bbb62aeead1da1/transformed/analysis/instrumentation-hierarchy.bin because:
  Build cache is disabled
  Caching not enabled.
Caching disabled for MergeInstrumentationAnalysisTransform: /home/runner/.gradle/caches/8.9/transforms/b9662a4592733429a7bbb62aeead1da1/transformed/analysis/instrumentation-dependencies.bin because:
  Build cache is disabled
  Caching not enabled.
Caching disabled for MergeInstrumentationAnalysisTransform: /home/runner/.gradle/caches/8.9/transforms/31aa3b54e8e9db970bea322f1cecd63b/transformed/analysis/instrumentation-hierarchy.bin because:
  Build cache is disabled
  Caching not enabled.
Caching disabled for MergeInstrumentationAnalysisTransform: /home/runner/.gradle/caches/8.9/transforms/31aa3b54e8e9db970bea322f1cecd63b/transformed/analysis/instrumentation-dependencies.bin because:
  Build cache is disabled
  Caching not enabled.
Caching disabled for MergeInstrumentationAnalysisTransform: /home/runner/.gradle/caches/modules-2/files-2.1/io.grpc/grpc-stub/1.57.0/262e1469c080164d5e2459f4908394d66f4e8828/grpc-stub-1.57.0.jar because:
  Build cache is disabled
  Caching not enabled.
Transforming grpc-stub-1.57.0.jar (io.grpc:grpc-stub:1.57.0) with ExternalDependencyInstrumentingArtifactTransform
Caching disabled for MergeInstrumentationAnalysisTransform: /home/runner/.gradle/caches/modules-2/files-2.1/com.google.testing.platform/core-proto/0.0.9-alpha02/ee54219cbb4a7fb83cdc528e9a85e0383f3ee726/core-proto-0.0.9-alpha02.jar because:
  Build cache is disabled
  Caching not enabled.
Caching disabled for ExternalDependencyInstrumentingArtifactTransform: /home/runner/.gradle/caches/8.9/transforms/9927b7c66f556145b619c5895e979c0e/transformed/merge/instrumentation-dependencies.bin because:
  Build cache is disabled
  Caching not enabled.
Transforming core-proto-0.0.9-alpha02.jar (com.google.testing.platform:core-proto:0.0.9-alpha02) with ExternalDependencyInstrumentingArtifactTransform
Caching disabled for ExternalDependencyInstrumentingArtifactTransform: /home/runner/.gradle/caches/8.9/transforms/231d59cdd4ae95968cd94317b824f4a6/transformed/merge/instrumentation-dependencies.bin because:
  Build cache is disabled
  Caching not enabled.
Caching disabled for ExternalDependencyInstrumentingArtifactTransform: /home/runner/.gradle/caches/modules-2/files-2.1/io.grpc/grpc-stub/1.57.0/262e1469c080164d5e2459f4908394d66f4e8828/grpc-stub-1.57.0.jar because:
  Build cache is disabled
  Caching not enabled.
Caching disabled for MergeInstrumentationAnalysisTransform: /home/runner/.gradle/caches/8.9/transforms/8e67500bb1fa5501e4bceb6290105f57/transformed/analysis/instrumentation-hierarchy.bin because:
  Build cache is disabled
  Caching not enabled.
Caching disabled for ExternalDependencyInstrumentingArtifactTransform: /home/runner/.gradle/caches/modules-2/files-2.1/io.grpc/grpc-core/1.57.0/2b6ef5166f31315098fff9bb85f33ab5fed58f6b/grpc-core-1.57.0.jar because:
  Build cache is disabled
  Caching not enabled.
Caching disabled for MergeInstrumentationAnalysisTransform: /home/runner/.gradle/caches/8.9/transforms/8e67500bb1fa5501e4bceb6290105f57/transformed/analysis/instrumentation-dependencies.bin because:
  Build cache is disabled
  Caching not enabled.
Caching disabled for MergeInstrumentationAnalysisTransform: /home/runner/.gradle/caches/8.9/transforms/269ae377929b9f6114a794b2fb0b8e9b/transformed/analysis/instrumentation-hierarchy.bin because:
  Build cache is disabled
  Caching not enabled.
Caching disabled for MergeInstrumentationAnalysisTransform: /home/runner/.gradle/caches/modules-2/files-2.1/org.tensorflow/tensorflow-lite-metadata/0.1.0-rc2/7aa9b3e16d85c2aae5eff741265315a37c9f731a/tensorflow-lite-metadata-0.1.0-rc2.jar because:
  Build cache is disabled
  Caching not enabled.
Caching disabled for MergeInstrumentationAnalysisTransform: /home/runner/.gradle/caches/8.9/transforms/269ae377929b9f6114a794b2fb0b8e9b/transformed/analysis/instrumentation-dependencies.bin because:
  Build cache is disabled
  Caching not enabled.
Transforming tensorflow-lite-metadata-0.1.0-rc2.jar (org.tensorflow:tensorflow-lite-metadata:0.1.0-rc2) with ExternalDependencyInstrumentingArtifactTransform
Caching disabled for ExternalDependencyInstrumentingArtifactTransform: /home/runner/.gradle/caches/8.9/transforms/701c9751fbc42dcbf08de66fdd9011af/transformed/merge/instrumentation-dependencies.bin because:
  Build cache is disabled
  Caching not enabled.
Caching disabled for MergeInstrumentationAnalysisTransform: /home/runner/.gradle/caches/modules-2/files-2.1/com.google.flatbuffers/flatbuffers-java/1.12.0/8201cc7b511177a37071249e891f2f2fea4b32e9/flatbuffers-java-1.12.0.jar because:
  Build cache is disabled
  Caching not enabled.
Transforming flatbuffers-java-1.12.0.jar (com.google.flatbuffers:flatbuffers-java:1.12.0) with ExternalDependencyInstrumentingArtifactTransform
Caching disabled for ExternalDependencyInstrumentingArtifactTransform: /home/runner/.gradle/caches/8.9/transforms/8ed874eeb869badf67fef87d7bd2b06f/transformed/merge/instrumentation-dependencies.bin because:
  Build cache is disabled
  Caching not enabled.
Caching disabled for ExternalDependencyInstrumentingArtifactTransform: /home/runner/.gradle/caches/modules-2/files-2.1/com.google.flatbuffers/flatbuffers-java/1.12.0/8201cc7b511177a37071249e891f2f2fea4b32e9/flatbuffers-java-1.12.0.jar because:
  Build cache is disabled
  Caching not enabled.
Caching disabled for MergeInstrumentationAnalysisTransform: /home/runner/.gradle/caches/8.9/transforms/8574ec98e8e87dbf20bbaabfa3435050/transformed/analysis/instrumentation-hierarchy.bin because:
  Build cache is disabled
  Caching not enabled.
Caching disabled for MergeInstrumentationAnalysisTransform: /home/runner/.gradle/caches/8.9/transforms/8574ec98e8e87dbf20bbaabfa3435050/transformed/analysis/instrumentation-dependencies.bin because:
  Build cache is disabled
  Caching not enabled.
Caching disabled for MergeInstrumentationAnalysisTransform: /home/runner/.gradle/caches/modules-2/files-2.1/com.google.jimfs/jimfs/1.1/8fbd0579dc68aba6186935cc1bee21d2f3e7ec1c/jimfs-1.1.jar because:
  Build cache is disabled
  Caching not enabled.
Transforming jimfs-1.1.jar (com.google.jimfs:jimfs:1.1) with ExternalDependencyInstrumentingArtifactTransform
Caching disabled for ExternalDependencyInstrumentingArtifactTransform: /home/runner/.gradle/caches/8.9/transforms/a5d8a5283be01545ca0664c82a6eb035/transformed/merge/instrumentation-dependencies.bin because:
  Build cache is disabled
  Caching not enabled.
Caching disabled for ExternalDependencyInstrumentingArtifactTransform: /home/runner/.gradle/caches/modules-2/files-2.1/org.tensorflow/tensorflow-lite-metadata/0.1.0-rc2/7aa9b3e16d85c2aae5eff741265315a37c9f731a/tensorflow-lite-metadata-0.1.0-rc2.jar because:
  Build cache is disabled
  Caching not enabled.
Caching disabled for MergeInstrumentationAnalysisTransform: /home/runner/.gradle/caches/8.9/transforms/6bf11fc827fe67b1fdfa041395c5ae83/transformed/analysis/instrumentation-dependencies.bin because:
  Build cache is disabled
  Caching not enabled.
Caching disabled for MergeInstrumentationAnalysisTransform: /home/runner/.gradle/caches/modules-2/files-2.1/io.grpc/grpc-context/1.57.0/8d8f26a9b0bed637ee4592e1df3ef134ed2c54fd/grpc-context-1.57.0.jar because:
  Build cache is disabled
  Caching not enabled.
Transforming grpc-context-1.57.0.jar (io.grpc:grpc-context:1.57.0) with ExternalDependencyInstrumentingArtifactTransform
Caching disabled for ExternalDependencyInstrumentingArtifactTransform: /home/runner/.gradle/caches/8.9/transforms/d3fa44a5fbd489ca81a8682fd3f1bffc/transformed/merge/instrumentation-dependencies.bin because:
  Build cache is disabled
  Caching not enabled.
Caching disabled for ExternalDependencyInstrumentingArtifactTransform: /home/runner/.gradle/caches/modules-2/files-2.1/com.google.jimfs/jimfs/1.1/8fbd0579dc68aba6186935cc1bee21d2f3e7ec1c/jimfs-1.1.jar because:
  Build cache is disabled
  Caching not enabled.
Caching disabled for ExternalDependencyInstrumentingArtifactTransform: /home/runner/.gradle/caches/modules-2/files-2.1/io.grpc/grpc-context/1.57.0/8d8f26a9b0bed637ee4592e1df3ef134ed2c54fd/grpc-context-1.57.0.jar because:
  Build cache is disabled
  Caching not enabled.
Caching disabled for MergeInstrumentationAnalysisTransform: /home/runner/.gradle/caches/8.9/transforms/1eb2f16d3fd9706abcb57ea12b228ba9/transformed/analysis/instrumentation-hierarchy.bin because:
  Build cache is disabled
  Caching not enabled.
Caching disabled for MergeInstrumentationAnalysisTransform: /home/runner/.gradle/caches/8.9/transforms/d3539197ea2c0d67d04b5077aaa2b03e/transformed/analysis/instrumentation-hierarchy.bin because:
  Build cache is disabled
  Caching not enabled.
Caching disabled for MergeInstrumentationAnalysisTransform: /home/runner/.gradle/caches/8.9/transforms/1eb2f16d3fd9706abcb57ea12b228ba9/transformed/analysis/instrumentation-dependencies.bin because:
  Build cache is disabled
  Caching not enabled.
Caching disabled for MergeInstrumentationAnalysisTransform: /home/runner/.gradle/caches/8.9/transforms/d3539197ea2c0d67d04b5077aaa2b03e/transformed/analysis/instrumentation-dependencies.bin because:
  Build cache is disabled
  Caching not enabled.
Caching disabled for MergeInstrumentationAnalysisTransform: /home/runner/.gradle/caches/modules-2/files-2.1/io.grpc/grpc-protobuf-lite/1.57.0/ca0084219b71d29cd9bfc3b81780aca91a965753/grpc-protobuf-lite-1.57.0.jar because:
  Build cache is disabled
  Caching not enabled.
Caching disabled for MergeInstrumentationAnalysisTransform: /home/runner/.gradle/caches/modules-2/files-2.1/io.grpc/grpc-api/1.57.0/768ab3e583b213a3672ec776e70765b594e8bbe5/grpc-api-1.57.0.jar because:
  Build cache is disabled
  Caching not enabled.
Transforming grpc-protobuf-lite-1.57.0.jar (io.grpc:grpc-protobuf-lite:1.57.0) with ExternalDependencyInstrumentingArtifactTransform
Caching disabled for ExternalDependencyInstrumentingArtifactTransform: /home/runner/.gradle/caches/8.9/transforms/f415940db43c24942c06fd115f16240b/transformed/merge/instrumentation-dependencies.bin because:
  Build cache is disabled
  Caching not enabled.
Transforming grpc-api-1.57.0.jar (io.grpc:grpc-api:1.57.0) with ExternalDependencyInstrumentingArtifactTransform
Caching disabled for ExternalDependencyInstrumentingArtifactTransform: /home/runner/.gradle/caches/8.9/transforms/afef80fae7a7c58a39f1e01db8e71981/transformed/merge/instrumentation-dependencies.bin because:
  Build cache is disabled
  Caching not enabled.
Caching disabled for ExternalDependencyInstrumentingArtifactTransform: /home/runner/.gradle/caches/modules-2/files-2.1/io.grpc/grpc-protobuf-lite/1.57.0/ca0084219b71d29cd9bfc3b81780aca91a965753/grpc-protobuf-lite-1.57.0.jar because:
  Build cache is disabled
  Caching not enabled.
Caching disabled for MergeInstrumentationAnalysisTransform: /home/runner/.gradle/caches/8.9/transforms/183df12c8f26258f181d83ebde1ea817/transformed/analysis/instrumentation-hierarchy.bin because:
  Build cache is disabled
  Caching not enabled.
Caching disabled for MergeInstrumentationAnalysisTransform: /home/runner/.gradle/caches/8.9/transforms/183df12c8f26258f181d83ebde1ea817/transformed/analysis/instrumentation-dependencies.bin because:
  Build cache is disabled
  Caching not enabled.
Caching disabled for MergeInstrumentationAnalysisTransform: /home/runner/.gradle/caches/modules-2/files-2.1/com.google.guava/guava/32.0.1-jre/6e5d51a72d142f2d40a57dfb897188b36a95b489/guava-32.0.1-jre.jar because:
  Build cache is disabled
  Caching not enabled.
Transforming guava-32.0.1-jre.jar (com.google.guava:guava:32.0.1-jre) with ExternalDependencyInstrumentingArtifactTransform
Caching disabled for ExternalDependencyInstrumentingArtifactTransform: /home/runner/.gradle/caches/8.9/transforms/e4f2bb8d135388e23f613f815b87311f/transformed/merge/instrumentation-dependencies.bin because:
  Build cache is disabled
  Caching not enabled.
Caching disabled for ExternalDependencyInstrumentingArtifactTransform: /home/runner/.gradle/caches/modules-2/files-2.1/io.grpc/grpc-api/1.57.0/768ab3e583b213a3672ec776e70765b594e8bbe5/grpc-api-1.57.0.jar because:
  Build cache is disabled
  Caching not enabled.
Caching disabled for MergeInstrumentationAnalysisTransform: /home/runner/.gradle/caches/8.9/transforms/73267dedd117adcd288ba5f910cc50a1/transformed/analysis/instrumentation-hierarchy.bin because:
  Build cache is disabled
  Caching not enabled.
Caching disabled for MergeInstrumentationAnalysisTransform: /home/runner/.gradle/caches/8.9/transforms/73267dedd117adcd288ba5f910cc50a1/transformed/analysis/instrumentation-dependencies.bin because:
  Build cache is disabled
  Caching not enabled.
Caching disabled for MergeInstrumentationAnalysisTransform: /home/runner/.gradle/caches/modules-2/files-2.1/com.google.dagger/dagger/2.28.3/10d83810ef9e19714116ed518896c90c6606d633/dagger-2.28.3.jar because:
  Build cache is disabled
  Caching not enabled.
Transforming dagger-2.28.3.jar (com.google.dagger:dagger:2.28.3) with ExternalDependencyInstrumentingArtifactTransform
Caching disabled for ExternalDependencyInstrumentingArtifactTransform: /home/runner/.gradle/caches/8.9/transforms/de5d31c199e2c18c999563bfd2238403/transformed/merge/instrumentation-dependencies.bin because:
  Build cache is disabled
  Caching not enabled.
Caching disabled for ExternalDependencyInstrumentingArtifactTransform: /home/runner/.gradle/caches/modules-2/files-2.1/com.google.dagger/dagger/2.28.3/10d83810ef9e19714116ed518896c90c6606d633/dagger-2.28.3.jar because:
  Build cache is disabled
  Caching not enabled.
Caching disabled for ExternalDependencyInstrumentingArtifactTransform: /home/runner/.gradle/caches/modules-2/files-2.1/com.google.testing.platform/core-proto/0.0.9-alpha02/ee54219cbb4a7fb83cdc528e9a85e0383f3ee726/core-proto-0.0.9-alpha02.jar because:
  Build cache is disabled
  Caching not enabled.
Caching disabled for MergeInstrumentationAnalysisTransform: /home/runner/.gradle/caches/8.9/transforms/7a9db39a95d59b025b631ac9aaa929cd/transformed/analysis/instrumentation-dependencies.bin because:
  Build cache is disabled
  Caching not enabled.
Caching disabled for MergeInstrumentationAnalysisTransform: /home/runner/.gradle/caches/8.9/transforms/ad322f99520f2c991ede5b154beda8c6/transformed/analysis/instrumentation-hierarchy.bin because:
  Build cache is disabled
  Caching not enabled.
Caching disabled for MergeInstrumentationAnalysisTransform: /home/runner/.gradle/caches/modules-2/files-2.1/javax.inject/javax.inject/1/6975da39a7040257bd51d21a231b76c915872d38/javax.inject-1.jar because:
  Build cache is disabled
  Caching not enabled.
Caching disabled for MergeInstrumentationAnalysisTransform: /home/runner/.gradle/caches/8.9/transforms/ad322f99520f2c991ede5b154beda8c6/transformed/analysis/instrumentation-dependencies.bin because:
  Build cache is disabled
  Caching not enabled.
Transforming javax.inject-1.jar (javax.inject:javax.inject:1) with ExternalDependencyInstrumentingArtifactTransform
Caching disabled for ExternalDependencyInstrumentingArtifactTransform: /home/runner/.gradle/caches/8.9/transforms/2f7fe6c1d69987c8c27597a2b6b527b3/transformed/merge/instrumentation-dependencies.bin because:
  Build cache is disabled
  Caching not enabled.
Caching disabled for MergeInstrumentationAnalysisTransform: /home/runner/.gradle/caches/modules-2/files-2.1/net.sf.kxml/kxml2/2.3.0/ccbc77a5fd907ef863c29f3596c6f54ffa4e9442/kxml2-2.3.0.jar because:
  Build cache is disabled
  Caching not enabled.
Transforming kxml2-2.3.0.jar (net.sf.kxml:kxml2:2.3.0) with ExternalDependencyInstrumentingArtifactTransform
Caching disabled for ExternalDependencyInstrumentingArtifactTransform: /home/runner/.gradle/caches/8.9/transforms/ea1c5b784775bccf2195caba061b0a32/transformed/merge/instrumentation-dependencies.bin because:
  Build cache is disabled
  Caching not enabled.
Caching disabled for ExternalDependencyInstrumentingArtifactTransform: /home/runner/.gradle/caches/modules-2/files-2.1/javax.inject/javax.inject/1/6975da39a7040257bd51d21a231b76c915872d38/javax.inject-1.jar because:
  Build cache is disabled
  Caching not enabled.
Caching disabled for MergeInstrumentationAnalysisTransform: /home/runner/.gradle/caches/8.9/transforms/53c122a196dd8714b148d9b89a8ef36e/transformed/analysis/instrumentation-hierarchy.bin because:
  Build cache is disabled
  Caching not enabled.
Caching disabled for MergeInstrumentationAnalysisTransform: /home/runner/.gradle/caches/8.9/transforms/53c122a196dd8714b148d9b89a8ef36e/transformed/analysis/instrumentation-dependencies.bin because:
  Build cache is disabled
  Caching not enabled.
Caching disabled for ExternalDependencyInstrumentingArtifactTransform: /home/runner/.gradle/caches/modules-2/files-2.1/net.sf.kxml/kxml2/2.3.0/ccbc77a5fd907ef863c29f3596c6f54ffa4e9442/kxml2-2.3.0.jar because:
  Build cache is disabled
  Caching not enabled.
Caching disabled for MergeInstrumentationAnalysisTransform: /home/runner/.gradle/caches/modules-2/files-2.1/org.bouncycastle/bcutil-jdk18on/1.77/de3eaef351545fe8562cf29ddff4a403a45b49b7/bcutil-jdk18on-1.77.jar because:
  Build cache is disabled
  Caching not enabled.
Caching disabled for MergeInstrumentationAnalysisTransform: /home/runner/.gradle/caches/8.9/transforms/da429c864892eaa2acf9893ff567fe20/transformed/analysis/instrumentation-hierarchy.bin because:
  Build cache is disabled
  Caching not enabled.
Transforming bcutil-jdk18on-1.77.jar (org.bouncycastle:bcutil-jdk18on:1.77) with ExternalDependencyInstrumentingArtifactTransform
Caching disabled for ExternalDependencyInstrumentingArtifactTransform: /home/runner/.gradle/caches/8.9/transforms/54a525e4536e032e58764cc59a4474ed/transformed/merge/instrumentation-dependencies.bin because:
  Build cache is disabled
  Caching not enabled.
Caching disabled for MergeInstrumentationAnalysisTransform: /home/runner/.gradle/caches/8.9/transforms/da429c864892eaa2acf9893ff567fe20/transformed/analysis/instrumentation-dependencies.bin because:
  Build cache is disabled
  Caching not enabled.
Caching disabled for MergeInstrumentationAnalysisTransform: /home/runner/.gradle/caches/modules-2/files-2.1/org.bouncycastle/bcprov-jdk18on/1.77/2cc971b6c20949c1ff98d1a4bc741ee848a09523/bcprov-jdk18on-1.77.jar because:
  Build cache is disabled
  Caching not enabled.
Transforming bcprov-jdk18on-1.77.jar (org.bouncycastle:bcprov-jdk18on:1.77) with ExternalDependencyInstrumentingArtifactTransform
Caching disabled for ExternalDependencyInstrumentingArtifactTransform: /home/runner/.gradle/caches/8.9/transforms/b8eb6fd861339bcbcb780667a357ed93/transformed/merge/instrumentation-dependencies.bin because:
  Build cache is disabled
  Caching not enabled.
Caching disabled for ExternalDependencyInstrumentingArtifactTransform: /home/runner/.gradle/caches/modules-2/files-2.1/org.bouncycastle/bcutil-jdk18on/1.77/de3eaef351545fe8562cf29ddff4a403a45b49b7/bcutil-jdk18on-1.77.jar because:
  Build cache is disabled
  Caching not enabled.
Caching disabled for MergeInstrumentationAnalysisTransform: /home/runner/.gradle/caches/8.9/transforms/ab1e8ba814d7accf6a4d293c5d8fcd5e/transformed/analysis/instrumentation-hierarchy.bin because:
  Build cache is disabled
  Caching not enabled.
Caching disabled for MergeInstrumentationAnalysisTransform: /home/runner/.gradle/caches/8.9/transforms/ab1e8ba814d7accf6a4d293c5d8fcd5e/transformed/analysis/instrumentation-dependencies.bin because:
  Build cache is disabled
  Caching not enabled.
Caching disabled for MergeInstrumentationAnalysisTransform: /home/runner/.gradle/caches/modules-2/files-2.1/org.jetbrains.intellij.deps/trove4j/1.0.20200330/3afb14d5f9ceb459d724e907a21145e8ff394f02/trove4j-1.0.20200330.jar because:
  Build cache is disabled
  Caching not enabled.
Transforming trove4j-1.0.20200330.jar (org.jetbrains.intellij.deps:trove4j:1.0.20200330) with ExternalDependencyInstrumentingArtifactTransform
Caching disabled for ExternalDependencyInstrumentingArtifactTransform: /home/runner/.gradle/caches/8.9/transforms/4a8775067176e80ebcfa8b0a96926a10/transformed/merge/instrumentation-dependencies.bin because:
  Build cache is disabled
  Caching not enabled.
Caching disabled for ExternalDependencyInstrumentingArtifactTransform: /home/runner/.gradle/caches/modules-2/files-2.1/org.jetbrains.intellij.deps/trove4j/1.0.20200330/3afb14d5f9ceb459d724e907a21145e8ff394f02/trove4j-1.0.20200330.jar because:
  Build cache is disabled
  Caching not enabled.
Caching disabled for MergeInstrumentationAnalysisTransform: /home/runner/.gradle/caches/8.9/transforms/9023ace4cc67da174522d99da9315060/transformed/analysis/instrumentation-hierarchy.bin because:
  Build cache is disabled
  Caching not enabled.
Caching disabled for MergeInstrumentationAnalysisTransform: /home/runner/.gradle/caches/8.9/transforms/9023ace4cc67da174522d99da9315060/transformed/analysis/instrumentation-dependencies.bin because:
  Build cache is disabled
  Caching not enabled.
Caching disabled for MergeInstrumentationAnalysisTransform: /home/runner/.gradle/caches/modules-2/files-2.1/org.apache.commons/commons-compress/1.21/4ec95b60d4e86b5c95a0e919cb172a0af98011ef/commons-compress-1.21.jar because:
  Build cache is disabled
  Caching not enabled.
Transforming commons-compress-1.21.jar (org.apache.commons:commons-compress:1.21) with ExternalDependencyInstrumentingArtifactTransform
Caching disabled for ExternalDependencyInstrumentingArtifactTransform: /home/runner/.gradle/caches/8.9/transforms/c4b5b5b80437aa7288f32675da3b565a/transformed/merge/instrumentation-dependencies.bin because:
  Build cache is disabled
  Caching not enabled.
Caching disabled for ExternalDependencyInstrumentingArtifactTransform: /home/runner/.gradle/caches/modules-2/files-2.1/org.apache.commons/commons-compress/1.21/4ec95b60d4e86b5c95a0e919cb172a0af98011ef/commons-compress-1.21.jar because:
  Build cache is disabled
  Caching not enabled.
Caching disabled for MergeInstrumentationAnalysisTransform: /home/runner/.gradle/caches/8.9/transforms/871aa245e8fe2ae8638831b4a8de0949/transformed/analysis/instrumentation-hierarchy.bin because:
  Build cache is disabled
  Caching not enabled.
Caching disabled for MergeInstrumentationAnalysisTransform: /home/runner/.gradle/caches/8.9/transforms/871aa245e8fe2ae8638831b4a8de0949/transformed/analysis/instrumentation-dependencies.bin because:
  Build cache is disabled
  Caching not enabled.
Caching disabled for ExternalDependencyInstrumentingArtifactTransform: /home/runner/.gradle/caches/modules-2/files-2.1/com.google.guava/guava/32.0.1-jre/6e5d51a72d142f2d40a57dfb897188b36a95b489/guava-32.0.1-jre.jar because:
  Build cache is disabled
  Caching not enabled.
Caching disabled for MergeInstrumentationAnalysisTransform: /home/runner/.gradle/caches/8.9/transforms/8569ccaeea0d4943dd00903f62686908/transformed/analysis/instrumentation-hierarchy.bin because:
  Build cache is disabled
  Caching not enabled.
Caching disabled for MergeInstrumentationAnalysisTransform: /home/runner/.gradle/caches/8.9/transforms/8569ccaeea0d4943dd00903f62686908/transformed/analysis/instrumentation-dependencies.bin because:
  Build cache is disabled
  Caching not enabled.
Caching disabled for MergeInstrumentationAnalysisTransform: /home/runner/.gradle/caches/modules-2/files-2.1/org.apache.httpcomponents/httpclient/4.5.14/1194890e6f56ec29177673f2f12d0b8e627dec98/httpclient-4.5.14.jar because:
  Build cache is disabled
  Caching not enabled.
Transforming httpclient-4.5.14.jar (org.apache.httpcomponents:httpclient:4.5.14) with ExternalDependencyInstrumentingArtifactTransform
Caching disabled for ExternalDependencyInstrumentingArtifactTransform: /home/runner/.gradle/caches/8.9/transforms/fe39ed547996b81a70f7b41eef2fe961/transformed/merge/instrumentation-dependencies.bin because:
  Build cache is disabled
  Caching not enabled.
Caching disabled for MergeInstrumentationAnalysisTransform: /home/runner/.gradle/caches/modules-2/files-2.1/org.apache.httpcomponents/httpcore/4.4.16/51cf043c87253c9f58b539c9f7e44c8894223850/httpcore-4.4.16.jar because:
  Build cache is disabled
  Caching not enabled.
Transforming httpcore-4.4.16.jar (org.apache.httpcomponents:httpcore:4.4.16) with ExternalDependencyInstrumentingArtifactTransform
Caching disabled for ExternalDependencyInstrumentingArtifactTransform: /home/runner/.gradle/caches/8.9/transforms/262bab226e5901f90e238dfe97892486/transformed/merge/instrumentation-dependencies.bin because:
  Build cache is disabled
  Caching not enabled.
Caching disabled for ExternalDependencyInstrumentingArtifactTransform: /home/runner/.gradle/caches/modules-2/files-2.1/org.apache.httpcomponents/httpcore/4.4.16/51cf043c87253c9f58b539c9f7e44c8894223850/httpcore-4.4.16.jar because:
  Build cache is disabled
  Caching not enabled.
Caching disabled for MergeInstrumentationAnalysisTransform: /home/runner/.gradle/caches/8.9/transforms/3805cfdfda5a8017a360ec428505a4b6/transformed/analysis/instrumentation-hierarchy.bin because:
  Build cache is disabled
  Caching not enabled.
Caching disabled for MergeInstrumentationAnalysisTransform: /home/runner/.gradle/caches/8.9/transforms/3805cfdfda5a8017a360ec428505a4b6/transformed/analysis/instrumentation-dependencies.bin because:
  Build cache is disabled
  Caching not enabled.
Caching disabled for MergeInstrumentationAnalysisTransform: /home/runner/.gradle/caches/modules-2/files-2.1/com.sun.activation/javax.activation/1.2.0/bf744c1e2776ed1de3c55c8dac1057ec331ef744/javax.activation-1.2.0.jar because:
  Build cache is disabled
  Caching not enabled.
Transforming javax.activation-1.2.0.jar (com.sun.activation:javax.activation:1.2.0) with ExternalDependencyInstrumentingArtifactTransform
Caching disabled for ExternalDependencyInstrumentingArtifactTransform: /home/runner/.gradle/caches/8.9/transforms/8910bd24e505a24e92ef720cb857aecd/transformed/merge/instrumentation-dependencies.bin because:
  Build cache is disabled
  Caching not enabled.
Caching disabled for ExternalDependencyInstrumentingArtifactTransform: /home/runner/.gradle/caches/modules-2/files-2.1/org.apache.httpcomponents/httpclient/4.5.14/1194890e6f56ec29177673f2f12d0b8e627dec98/httpclient-4.5.14.jar because:
  Build cache is disabled
  Caching not enabled.
Caching disabled for MergeInstrumentationAnalysisTransform: /home/runner/.gradle/caches/8.9/transforms/645a1bb9e67c54821cfd3a6b98beb236/transformed/analysis/instrumentation-dependencies.bin because:
  Build cache is disabled
  Caching not enabled.
Caching disabled for MergeInstrumentationAnalysisTransform: /home/runner/.gradle/caches/modules-2/files-2.1/org.jetbrains/annotations/23.0.0/8cc20c07506ec18e0834947b84a864bfc094484e/annotations-23.0.0.jar because:
  Build cache is disabled
  Caching not enabled.
Transforming annotations-23.0.0.jar (org.jetbrains:annotations:23.0.0) with ExternalDependencyInstrumentingArtifactTransform
Caching disabled for ExternalDependencyInstrumentingArtifactTransform: /home/runner/.gradle/caches/8.9/transforms/a4b62e7c81814d3bc9455c651bd8cfa5/transformed/merge/instrumentation-dependencies.bin because:
  Build cache is disabled
  Caching not enabled.
Caching disabled for ExternalDependencyInstrumentingArtifactTransform: /home/runner/.gradle/caches/modules-2/files-2.1/org.jetbrains/annotations/23.0.0/8cc20c07506ec18e0834947b84a864bfc094484e/annotations-23.0.0.jar because:
  Build cache is disabled
  Caching not enabled.
Caching disabled for MergeInstrumentationAnalysisTransform: /home/runner/.gradle/caches/8.9/transforms/930d2c5cab9eb7dce67aa85607a6c5d1/transformed/analysis/instrumentation-hierarchy.bin because:
  Build cache is disabled
  Caching not enabled.
Caching disabled for MergeInstrumentationAnalysisTransform: /home/runner/.gradle/caches/8.9/transforms/930d2c5cab9eb7dce67aa85607a6c5d1/transformed/analysis/instrumentation-dependencies.bin because:
  Build cache is disabled
  Caching not enabled.
Caching disabled for MergeInstrumentationAnalysisTransform: /home/runner/.gradle/caches/modules-2/files-2.1/com.android/signflinger/8.7.3/13f035dd8e7e470ff8f3216a0b46333187f26df5/signflinger-8.7.3.jar because:
  Build cache is disabled
  Caching not enabled.
Transforming signflinger-8.7.3.jar (com.android:signflinger:8.7.3) with ExternalDependencyInstrumentingArtifactTransform
Caching disabled for ExternalDependencyInstrumentingArtifactTransform: /home/runner/.gradle/caches/8.9/transforms/6688f34bf16c128bcfc4589a2d97aa7e/transformed/merge/instrumentation-dependencies.bin because:
  Build cache is disabled
  Caching not enabled.
Caching disabled for ExternalDependencyInstrumentingArtifactTransform: /home/runner/.gradle/caches/modules-2/files-2.1/com.sun.activation/javax.activation/1.2.0/bf744c1e2776ed1de3c55c8dac1057ec331ef744/javax.activation-1.2.0.jar because:
  Build cache is disabled
  Caching not enabled.
Caching disabled for MergeInstrumentationAnalysisTransform: /home/runner/.gradle/caches/8.9/transforms/ab05784d1e6dfa3276592fcae3f3484b/transformed/analysis/instrumentation-hierarchy.bin because:
  Build cache is disabled
  Caching not enabled.
Caching disabled for ExternalDependencyInstrumentingArtifactTransform: /home/runner/.gradle/caches/modules-2/files-2.1/com.android/signflinger/8.7.3/13f035dd8e7e470ff8f3216a0b46333187f26df5/signflinger-8.7.3.jar because:
  Build cache is disabled
  Caching not enabled.
Caching disabled for MergeInstrumentationAnalysisTransform: /home/runner/.gradle/caches/8.9/transforms/ab05784d1e6dfa3276592fcae3f3484b/transformed/analysis/instrumentation-dependencies.bin because:
  Build cache is disabled
  Caching not enabled.
Caching disabled for MergeInstrumentationAnalysisTransform: /home/runner/.gradle/caches/8.9/transforms/b8cecdbe92c7a6a15e7b57af6bcbe830/transformed/analysis/instrumentation-dependencies.bin because:
  Build cache is disabled
  Caching not enabled.
Caching disabled for MergeInstrumentationAnalysisTransform: /home/runner/.gradle/caches/modules-2/files-2.1/com.android.tools/annotations/31.7.3/1946e7f75bc1615b4abfc0f83899934dfcbdf1fc/annotations-31.7.3.jar because:
  Build cache is disabled
  Caching not enabled.
Caching disabled for MergeInstrumentationAnalysisTransform: /home/runner/.gradle/caches/modules-2/files-2.1/com.android/zipflinger/8.7.3/de8e3267995699af356740cf562cbedb485f5763/zipflinger-8.7.3.jar because:
  Build cache is disabled
  Caching not enabled.
Transforming annotations-31.7.3.jar (com.android.tools:annotations:31.7.3) with ExternalDependencyInstrumentingArtifactTransform
Caching disabled for ExternalDependencyInstrumentingArtifactTransform: /home/runner/.gradle/caches/8.9/transforms/3bb5d4ebd8fedd5579982eff22ff9a28/transformed/merge/instrumentation-dependencies.bin because:
  Build cache is disabled
  Caching not enabled.
Transforming zipflinger-8.7.3.jar (com.android:zipflinger:8.7.3) with ExternalDependencyInstrumentingArtifactTransform
Caching disabled for ExternalDependencyInstrumentingArtifactTransform: /home/runner/.gradle/caches/8.9/transforms/61d22d601437f9265eb439423e13d490/transformed/merge/instrumentation-dependencies.bin because:
  Build cache is disabled
  Caching not enabled.
Caching disabled for ExternalDependencyInstrumentingArtifactTransform: /home/runner/.gradle/caches/modules-2/files-2.1/com.android.tools/annotations/31.7.3/1946e7f75bc1615b4abfc0f83899934dfcbdf1fc/annotations-31.7.3.jar because:
  Build cache is disabled
  Caching not enabled.
Caching disabled for MergeInstrumentationAnalysisTransform: /home/runner/.gradle/caches/8.9/transforms/b5d92bc435e179342123e81c8ec5691e/transformed/analysis/instrumentation-hierarchy.bin because:
  Build cache is disabled
  Caching not enabled.
Caching disabled for ExternalDependencyInstrumentingArtifactTransform: /home/runner/.gradle/caches/modules-2/files-2.1/com.android/zipflinger/8.7.3/de8e3267995699af356740cf562cbedb485f5763/zipflinger-8.7.3.jar because:
  Build cache is disabled
  Caching not enabled.
Caching disabled for MergeInstrumentationAnalysisTransform: /home/runner/.gradle/caches/8.9/transforms/b5d92bc435e179342123e81c8ec5691e/transformed/analysis/instrumentation-dependencies.bin because:
  Build cache is disabled
  Caching not enabled.
Caching disabled for MergeInstrumentationAnalysisTransform: /home/runner/.gradle/caches/8.9/transforms/8f1136d6413d7772d37652c7c5b6b680/transformed/analysis/instrumentation-hierarchy.bin because:
  Build cache is disabled
  Caching not enabled.
Caching disabled for MergeInstrumentationAnalysisTransform: /home/runner/.gradle/caches/8.9/transforms/8f1136d6413d7772d37652c7c5b6b680/transformed/analysis/instrumentation-dependencies.bin because:
  Build cache is disabled
  Caching not enabled.
Caching disabled for MergeInstrumentationAnalysisTransform: /home/runner/.gradle/caches/modules-2/files-2.1/com.googlecode.juniversalchardet/juniversalchardet/1.0.3/cd49678784c46aa8789c060538e0154013bb421b/juniversalchardet-1.0.3.jar because:
  Build cache is disabled
  Caching not enabled.
Transforming juniversalchardet-1.0.3.jar (com.googlecode.juniversalchardet:juniversalchardet:1.0.3) with ExternalDependencyInstrumentingArtifactTransform
Caching disabled for ExternalDependencyInstrumentingArtifactTransform: /home/runner/.gradle/caches/8.9/transforms/ba280e43ed55d28115ca1cae63d3df8e/transformed/merge/instrumentation-dependencies.bin because:
  Build cache is disabled
  Caching not enabled.
Caching disabled for MergeInstrumentationAnalysisTransform: /home/runner/.gradle/caches/modules-2/files-2.1/net.java.dev.jna/jna-platform/5.6.0/d18424ffb8bbfd036d71bcaab9b546858f2ef986/jna-platform-5.6.0.jar because:
  Build cache is disabled
  Caching not enabled.
Transforming jna-platform-5.6.0.jar (net.java.dev.jna:jna-platform:5.6.0) with ExternalDependencyInstrumentingArtifactTransform
Caching disabled for ExternalDependencyInstrumentingArtifactTransform: /home/runner/.gradle/caches/8.9/transforms/27742458e26af09eeca4bf5bc357b73c/transformed/merge/instrumentation-dependencies.bin because:
  Build cache is disabled
  Caching not enabled.
Caching disabled for ExternalDependencyInstrumentingArtifactTransform: /home/runner/.gradle/caches/modules-2/files-2.1/com.android.tools.analytics-library/protos/31.7.3/71afde62826a0dd766603edb6ff96d291c138083/protos-31.7.3.jar because:
  Build cache is disabled
  Caching not enabled.
Caching disabled for ExternalDependencyInstrumentingArtifactTransform: /home/runner/.gradle/caches/modules-2/files-2.1/com.googlecode.juniversalchardet/juniversalchardet/1.0.3/cd49678784c46aa8789c060538e0154013bb421b/juniversalchardet-1.0.3.jar because:
  Build cache is disabled
  Caching not enabled.
Caching disabled for MergeInstrumentationAnalysisTransform: /home/runner/.gradle/caches/8.9/transforms/3a59a2fe69204c0cff8ecb38b50db3af/transformed/analysis/instrumentation-dependencies.bin because:
  Build cache is disabled
  Caching not enabled.
Caching disabled for MergeInstrumentationAnalysisTransform: /home/runner/.gradle/caches/8.9/transforms/f02594b541550f32b73aa1cfb504459c/transformed/analysis/instrumentation-hierarchy.bin because:
  Build cache is disabled
  Caching not enabled.
Caching disabled for MergeInstrumentationAnalysisTransform: /home/runner/.gradle/caches/modules-2/files-2.1/javax.annotation/javax.annotation-api/1.3.2/934c04d3cfef185a8008e7bf34331b79730a9d43/javax.annotation-api-1.3.2.jar because:
  Build cache is disabled
  Caching not enabled.
Transforming javax.annotation-api-1.3.2.jar (javax.annotation:javax.annotation-api:1.3.2) with ExternalDependencyInstrumentingArtifactTransform
Caching disabled for ExternalDependencyInstrumentingArtifactTransform: /home/runner/.gradle/caches/8.9/transforms/8b85456aaf59124f8b787835d4f4d096/transformed/merge/instrumentation-dependencies.bin because:
  Build cache is disabled
  Caching not enabled.
Caching disabled for MergeInstrumentationAnalysisTransform: /home/runner/.gradle/caches/8.9/transforms/f02594b541550f32b73aa1cfb504459c/transformed/analysis/instrumentation-dependencies.bin because:
  Build cache is disabled
  Caching not enabled.
Caching disabled for MergeInstrumentationAnalysisTransform: /home/runner/.gradle/caches/modules-2/files-2.1/org.jvnet.staxex/stax-ex/1.8.1/78011e483a21102fb4858f3e8f269a677e50aa23/stax-ex-1.8.1.jar because:
  Build cache is disabled
  Caching not enabled.
Caching disabled for ExternalDependencyInstrumentingArtifactTransform: /home/runner/.gradle/caches/modules-2/files-2.1/javax.annotation/javax.annotation-api/1.3.2/934c04d3cfef185a8008e7bf34331b79730a9d43/javax.annotation-api-1.3.2.jar because:
  Build cache is disabled
  Caching not enabled.
Caching disabled for MergeInstrumentationAnalysisTransform: /home/runner/.gradle/caches/8.9/transforms/13f7d7fbb105d339071a3ea1c8adb431/transformed/analysis/instrumentation-hierarchy.bin because:
  Build cache is disabled
  Caching not enabled.
Caching disabled for MergeInstrumentationAnalysisTransform: /home/runner/.gradle/caches/8.9/transforms/13f7d7fbb105d339071a3ea1c8adb431/transformed/analysis/instrumentation-dependencies.bin because:
  Build cache is disabled
  Caching not enabled.
Transforming stax-ex-1.8.1.jar (org.jvnet.staxex:stax-ex:1.8.1) with ExternalDependencyInstrumentingArtifactTransform
Caching disabled for ExternalDependencyInstrumentingArtifactTransform: /home/runner/.gradle/caches/8.9/transforms/bdc93a4da26e53bfecbe1d0ef6d1879d/transformed/merge/instrumentation-dependencies.bin because:
  Build cache is disabled
  Caching not enabled.
Caching disabled for MergeInstrumentationAnalysisTransform: /home/runner/.gradle/caches/modules-2/files-2.1/jakarta.xml.bind/jakarta.xml.bind-api/2.3.2/8d49996a4338670764d7ca4b85a1c4ccf7fe665d/jakarta.xml.bind-api-2.3.2.jar because:
  Build cache is disabled
  Caching not enabled.
Transforming jakarta.xml.bind-api-2.3.2.jar (jakarta.xml.bind:jakarta.xml.bind-api:2.3.2) with ExternalDependencyInstrumentingArtifactTransform
Caching disabled for ExternalDependencyInstrumentingArtifactTransform: /home/runner/.gradle/caches/8.9/transforms/382214ee899cfc8ace94c399d6e09794/transformed/merge/instrumentation-dependencies.bin because:
  Build cache is disabled
  Caching not enabled.
Caching disabled for ExternalDependencyInstrumentingArtifactTransform: /home/runner/.gradle/caches/modules-2/files-2.1/org.jvnet.staxex/stax-ex/1.8.1/78011e483a21102fb4858f3e8f269a677e50aa23/stax-ex-1.8.1.jar because:
  Build cache is disabled
  Caching not enabled.
Caching disabled for MergeInstrumentationAnalysisTransform: /home/runner/.gradle/caches/8.9/transforms/bf647071714cb32142982f8192fa7bbc/transformed/analysis/instrumentation-hierarchy.bin because:
  Build cache is disabled
  Caching not enabled.
Caching disabled for MergeInstrumentationAnalysisTransform: /home/runner/.gradle/caches/8.9/transforms/bf647071714cb32142982f8192fa7bbc/transformed/analysis/instrumentation-dependencies.bin because:
  Build cache is disabled
  Caching not enabled.
Caching disabled for MergeInstrumentationAnalysisTransform: /home/runner/.gradle/caches/modules-2/files-2.1/org.glassfish.jaxb/txw2/2.3.2/ce5be7da2e442c25ec14c766cb60cb802741727b/txw2-2.3.2.jar because:
  Build cache is disabled
  Caching not enabled.
Caching disabled for ExternalDependencyInstrumentingArtifactTransform: /home/runner/.gradle/caches/modules-2/files-2.1/jakarta.xml.bind/jakarta.xml.bind-api/2.3.2/8d49996a4338670764d7ca4b85a1c4ccf7fe665d/jakarta.xml.bind-api-2.3.2.jar because:
  Build cache is disabled
  Caching not enabled.
Transforming txw2-2.3.2.jar (org.glassfish.jaxb:txw2:2.3.2) with ExternalDependencyInstrumentingArtifactTransform
Caching disabled for ExternalDependencyInstrumentingArtifactTransform: /home/runner/.gradle/caches/modules-2/files-2.1/net.java.dev.jna/jna-platform/5.6.0/d18424ffb8bbfd036d71bcaab9b546858f2ef986/jna-platform-5.6.0.jar because:
  Build cache is disabled
  Caching not enabled.
Caching disabled for ExternalDependencyInstrumentingArtifactTransform: /home/runner/.gradle/caches/8.9/transforms/095164e6d8638921dc74016d86a8c317/transformed/merge/instrumentation-dependencies.bin because:
  Build cache is disabled
  Caching not enabled.
Caching disabled for MergeInstrumentationAnalysisTransform: /home/runner/.gradle/caches/8.9/transforms/048d5e7f2400e6b56116b09f38bfda53/transformed/analysis/instrumentation-hierarchy.bin because:
  Build cache is disabled
  Caching not enabled.
Caching disabled for MergeInstrumentationAnalysisTransform: /home/runner/.gradle/caches/8.9/transforms/048d5e7f2400e6b56116b09f38bfda53/transformed/analysis/instrumentation-dependencies.bin because:
  Build cache is disabled
  Caching not enabled.
Caching disabled for MergeInstrumentationAnalysisTransform: /home/runner/.gradle/caches/8.9/transforms/b58b8d7fbd4ca443143afb3001c281aa/transformed/analysis/instrumentation-hierarchy.bin because:
  Build cache is disabled
  Caching not enabled.
Caching disabled for MergeInstrumentationAnalysisTransform: /home/runner/.gradle/caches/8.9/transforms/b58b8d7fbd4ca443143afb3001c281aa/transformed/analysis/instrumentation-dependencies.bin because:
  Build cache is disabled
  Caching not enabled.
Caching disabled for MergeInstrumentationAnalysisTransform: /home/runner/.gradle/caches/modules-2/files-2.1/com.sun.istack/istack-commons-runtime/3.0.8/d6a97364045aa6b99bf2d3c566a3f98599c2d296/istack-commons-runtime-3.0.8.jar because:
  Build cache is disabled
  Caching not enabled.
Transforming istack-commons-runtime-3.0.8.jar (com.sun.istack:istack-commons-runtime:3.0.8) with ExternalDependencyInstrumentingArtifactTransform
Caching disabled for MergeInstrumentationAnalysisTransform: /home/runner/.gradle/caches/modules-2/files-2.1/com.sun.xml.fastinfoset/FastInfoset/1.2.16/4eb6a0adad553bf759ffe86927df6f3b848c8bea/FastInfoset-1.2.16.jar because:
  Build cache is disabled
  Caching not enabled.
Caching disabled for ExternalDependencyInstrumentingArtifactTransform: /home/runner/.gradle/caches/modules-2/files-2.1/org.glassfish.jaxb/txw2/2.3.2/ce5be7da2e442c25ec14c766cb60cb802741727b/txw2-2.3.2.jar because:
  Build cache is disabled
  Caching not enabled.
Caching disabled for ExternalDependencyInstrumentingArtifactTransform: /home/runner/.gradle/caches/8.9/transforms/4d74819505cf17961f3f77e7194f3acc/transformed/merge/instrumentation-dependencies.bin because:
  Build cache is disabled
  Caching not enabled.
Transforming FastInfoset-1.2.16.jar (com.sun.xml.fastinfoset:FastInfoset:1.2.16) with ExternalDependencyInstrumentingArtifactTransform
Caching disabled for ExternalDependencyInstrumentingArtifactTransform: /home/runner/.gradle/caches/8.9/transforms/9a90203e6e57079467b36e548a808c61/transformed/merge/instrumentation-dependencies.bin because:
  Build cache is disabled
  Caching not enabled.
Caching disabled for MergeInstrumentationAnalysisTransform: /home/runner/.gradle/caches/8.9/transforms/721d72d7e7870160e01035f12bcc540f/transformed/analysis/instrumentation-hierarchy.bin because:
  Build cache is disabled
  Caching not enabled.
Caching disabled for ExternalDependencyInstrumentingArtifactTransform: /home/runner/.gradle/caches/modules-2/files-2.1/com.sun.istack/istack-commons-runtime/3.0.8/d6a97364045aa6b99bf2d3c566a3f98599c2d296/istack-commons-runtime-3.0.8.jar because:
  Build cache is disabled
  Caching not enabled.
Caching disabled for MergeInstrumentationAnalysisTransform: /home/runner/.gradle/caches/8.9/transforms/721d72d7e7870160e01035f12bcc540f/transformed/analysis/instrumentation-dependencies.bin because:
  Build cache is disabled
  Caching not enabled.
Caching disabled for MergeInstrumentationAnalysisTransform: /home/runner/.gradle/caches/8.9/transforms/b924270aee55a93dfbde6f49f03622ad/transformed/analysis/instrumentation-dependencies.bin because:
  Build cache is disabled
  Caching not enabled.
Caching disabled for MergeInstrumentationAnalysisTransform: /home/runner/.gradle/caches/modules-2/files-2.1/com.google.auto.value/auto-value-annotations/1.6.2/ed193d86e0af90cc2342aedbe73c5d86b03fa09b/auto-value-annotations-1.6.2.jar because:
  Build cache is disabled
  Caching not enabled.
Caching disabled for MergeInstrumentationAnalysisTransform: /home/runner/.gradle/caches/modules-2/files-2.1/jakarta.activation/jakarta.activation-api/1.2.1/562a587face36ec7eff2db7f2fc95425c6602bc1/jakarta.activation-api-1.2.1.jar because:
  Build cache is disabled
  Caching not enabled.
Transforming auto-value-annotations-1.6.2.jar (com.google.auto.value:auto-value-annotations:1.6.2) with ExternalDependencyInstrumentingArtifactTransform
Caching disabled for ExternalDependencyInstrumentingArtifactTransform: /home/runner/.gradle/caches/8.9/transforms/59b50bfa649ea3b36301997b675648a0/transformed/merge/instrumentation-dependencies.bin because:
  Build cache is disabled
  Caching not enabled.
Transforming jakarta.activation-api-1.2.1.jar (jakarta.activation:jakarta.activation-api:1.2.1) with ExternalDependencyInstrumentingArtifactTransform
Caching disabled for ExternalDependencyInstrumentingArtifactTransform: /home/runner/.gradle/caches/8.9/transforms/79b8276211cc6749e366600fb126f9e2/transformed/merge/instrumentation-dependencies.bin because:
  Build cache is disabled
  Caching not enabled.
Caching disabled for ExternalDependencyInstrumentingArtifactTransform: /home/runner/.gradle/caches/modules-2/files-2.1/com.google.auto.value/auto-value-annotations/1.6.2/ed193d86e0af90cc2342aedbe73c5d86b03fa09b/auto-value-annotations-1.6.2.jar because:
  Build cache is disabled
  Caching not enabled.
Caching disabled for MergeInstrumentationAnalysisTransform: /home/runner/.gradle/caches/8.9/transforms/d57882f0dd2f3e743ff6b205b8637f59/transformed/analysis/instrumentation-dependencies.bin because:
  Build cache is disabled
  Caching not enabled.
Caching disabled for MergeInstrumentationAnalysisTransform: /home/runner/.gradle/caches/modules-2/files-2.1/com.google.errorprone/error_prone_annotations/2.18.0/89b684257096f548fa39a7df9fdaa409d4d4df91/error_prone_annotations-2.18.0.jar because:
  Build cache is disabled
  Caching not enabled.
Caching disabled for ExternalDependencyInstrumentingArtifactTransform: /home/runner/.gradle/caches/modules-2/files-2.1/jakarta.activation/jakarta.activation-api/1.2.1/562a587face36ec7eff2db7f2fc95425c6602bc1/jakarta.activation-api-1.2.1.jar because:
  Build cache is disabled
  Caching not enabled.
Transforming error_prone_annotations-2.18.0.jar (com.google.errorprone:error_prone_annotations:2.18.0) with ExternalDependencyInstrumentingArtifactTransform
Caching disabled for ExternalDependencyInstrumentingArtifactTransform: /home/runner/.gradle/caches/8.9/transforms/0c708354b26e072e9cd2b327676d1f6d/transformed/merge/instrumentation-dependencies.bin because:
  Build cache is disabled
  Caching not enabled.
Caching disabled for MergeInstrumentationAnalysisTransform: /home/runner/.gradle/caches/8.9/transforms/ec08ff1995b93600090c4f547af3e923/transformed/analysis/instrumentation-hierarchy.bin because:
  Build cache is disabled
  Caching not enabled.
Caching disabled for ExternalDependencyInstrumentingArtifactTransform: /home/runner/.gradle/caches/modules-2/files-2.1/com.sun.xml.fastinfoset/FastInfoset/1.2.16/4eb6a0adad553bf759ffe86927df6f3b848c8bea/FastInfoset-1.2.16.jar because:
  Build cache is disabled
  Caching not enabled.
Caching disabled for ExternalDependencyInstrumentingArtifactTransform: /home/runner/.gradle/caches/modules-2/files-2.1/com.google.errorprone/error_prone_annotations/2.18.0/89b684257096f548fa39a7df9fdaa409d4d4df91/error_prone_annotations-2.18.0.jar because:
  Build cache is disabled
  Caching not enabled.
Caching disabled for MergeInstrumentationAnalysisTransform: /home/runner/.gradle/caches/8.9/transforms/ae3da73e90491a1ac1c0bab30459b025/transformed/analysis/instrumentation-hierarchy.bin because:
  Build cache is disabled
  Caching not enabled.
Caching disabled for MergeInstrumentationAnalysisTransform: /home/runner/.gradle/caches/8.9/transforms/ec08ff1995b93600090c4f547af3e923/transformed/analysis/instrumentation-dependencies.bin because:
  Build cache is disabled
  Caching not enabled.
Caching disabled for MergeInstrumentationAnalysisTransform: /home/runner/.gradle/caches/8.9/transforms/0458582e8ea3416b8981f11f271a29ae/transformed/analysis/instrumentation-hierarchy.bin because:
  Build cache is disabled
  Caching not enabled.
Caching disabled for MergeInstrumentationAnalysisTransform: /home/runner/.gradle/caches/modules-2/files-2.1/org.bitbucket.b_c/jose4j/0.9.5/e4ca26802488e6f16e24558d74ac8775a955fdd3/jose4j-0.9.5.jar because:
  Build cache is disabled
  Caching not enabled.
Caching disabled for MergeInstrumentationAnalysisTransform: /home/runner/.gradle/caches/8.9/transforms/ae3da73e90491a1ac1c0bab30459b025/transformed/analysis/instrumentation-dependencies.bin because:
  Build cache is disabled
  Caching not enabled.
Caching disabled for MergeInstrumentationAnalysisTransform: /home/runner/.gradle/caches/8.9/transforms/0458582e8ea3416b8981f11f271a29ae/transformed/analysis/instrumentation-dependencies.bin because:
  Build cache is disabled
  Caching not enabled.
Transforming jose4j-0.9.5.jar (org.bitbucket.b_c:jose4j:0.9.5) with ExternalDependencyInstrumentingArtifactTransform
Caching disabled for ExternalDependencyInstrumentingArtifactTransform: /home/runner/.gradle/caches/8.9/transforms/0620af0587fc997cbb3d342ea9cd7849/transformed/merge/instrumentation-dependencies.bin because:
  Build cache is disabled
  Caching not enabled.
Caching disabled for MergeInstrumentationAnalysisTransform: /home/runner/.gradle/caches/modules-2/files-2.1/org.jdom/jdom2/2.0.6/6f14738ec2e9dd0011e343717fa624a10f8aab64/jdom2-2.0.6.jar because:
  Build cache is disabled
  Caching not enabled.
Caching disabled for MergeInstrumentationAnalysisTransform: /home/runner/.gradle/caches/modules-2/files-2.1/org.slf4j/slf4j-api/1.7.30/b5a4b6d16ab13e34a88fae84c35cd5d68cac922c/slf4j-api-1.7.30.jar because:
  Build cache is disabled
  Caching not enabled.
Transforming slf4j-api-1.7.30.jar (org.slf4j:slf4j-api:1.7.30) with ExternalDependencyInstrumentingArtifactTransform
Transforming jdom2-2.0.6.jar (org.jdom:jdom2:2.0.6) with ExternalDependencyInstrumentingArtifactTransform
Caching disabled for ExternalDependencyInstrumentingArtifactTransform: /home/runner/.gradle/caches/8.9/transforms/e4a0d6692b227762d53677f79cece952/transformed/merge/instrumentation-dependencies.bin because:
  Build cache is disabled
  Caching not enabled.
Caching disabled for ExternalDependencyInstrumentingArtifactTransform: /home/runner/.gradle/caches/8.9/transforms/6a6efe6926fb46ba806bfd6fead557d9/transformed/merge/instrumentation-dependencies.bin because:
  Build cache is disabled
  Caching not enabled.
Caching disabled for ExternalDependencyInstrumentingArtifactTransform: /home/runner/.gradle/caches/modules-2/files-2.1/org.slf4j/slf4j-api/1.7.30/b5a4b6d16ab13e34a88fae84c35cd5d68cac922c/slf4j-api-1.7.30.jar because:
  Build cache is disabled
  Caching not enabled.
Caching disabled for MergeInstrumentationAnalysisTransform: /home/runner/.gradle/caches/8.9/transforms/6433edcd6fbe497bff7a1e943eddc33f/transformed/analysis/instrumentation-hierarchy.bin because:
  Build cache is disabled
  Caching not enabled.
Caching disabled for MergeInstrumentationAnalysisTransform: /home/runner/.gradle/caches/8.9/transforms/6433edcd6fbe497bff7a1e943eddc33f/transformed/analysis/instrumentation-dependencies.bin because:
  Build cache is disabled
  Caching not enabled.
Caching disabled for MergeInstrumentationAnalysisTransform: /home/runner/.gradle/caches/modules-2/files-2.1/com.google.code.findbugs/jsr305/3.0.2/25ea2e8b0c338a877313bd4672d3fe056ea78f0d/jsr305-3.0.2.jar because:
  Build cache is disabled
  Caching not enabled.
Transforming jsr305-3.0.2.jar (com.google.code.findbugs:jsr305:3.0.2) with ExternalDependencyInstrumentingArtifactTransform
Caching disabled for ExternalDependencyInstrumentingArtifactTransform: /home/runner/.gradle/caches/8.9/transforms/cec225c77dc0f67654b3be7e4c76bcff/transformed/merge/instrumentation-dependencies.bin because:
  Build cache is disabled
  Caching not enabled.
Caching disabled for ExternalDependencyInstrumentingArtifactTransform: /home/runner/.gradle/caches/modules-2/files-2.1/org.jdom/jdom2/2.0.6/6f14738ec2e9dd0011e343717fa624a10f8aab64/jdom2-2.0.6.jar because:
  Build cache is disabled
  Caching not enabled.
Caching disabled for MergeInstrumentationAnalysisTransform: /home/runner/.gradle/caches/8.9/transforms/c65577fc6e04e094a7e9cddfaabc9062/transformed/analysis/instrumentation-dependencies.bin because:
  Build cache is disabled
  Caching not enabled.
Caching disabled for MergeInstrumentationAnalysisTransform: /home/runner/.gradle/caches/modules-2/files-2.1/com.google.j2objc/j2objc-annotations/2.8/c85270e307e7b822f1086b93689124b89768e273/j2objc-annotations-2.8.jar because:
  Build cache is disabled
  Caching not enabled.
Caching disabled for ExternalDependencyInstrumentingArtifactTransform: /home/runner/.gradle/caches/modules-2/files-2.1/com.google.code.findbugs/jsr305/3.0.2/25ea2e8b0c338a877313bd4672d3fe056ea78f0d/jsr305-3.0.2.jar because:
  Build cache is disabled
  Caching not enabled.
Transforming j2objc-annotations-2.8.jar (com.google.j2objc:j2objc-annotations:2.8) with ExternalDependencyInstrumentingArtifactTransform
Caching disabled for ExternalDependencyInstrumentingArtifactTransform: /home/runner/.gradle/caches/8.9/transforms/d924070124ec1fab399ea23d20f7279a/transformed/merge/instrumentation-dependencies.bin because:
  Build cache is disabled
  Caching not enabled.
Caching disabled for MergeInstrumentationAnalysisTransform: /home/runner/.gradle/caches/8.9/transforms/bf41f01db07e2237699ff4423e2194e6/transformed/analysis/instrumentation-dependencies.bin because:
  Build cache is disabled
  Caching not enabled.
Caching disabled for ExternalDependencyInstrumentingArtifactTransform: /home/runner/.gradle/caches/modules-2/files-2.1/org.bitbucket.b_c/jose4j/0.9.5/e4ca26802488e6f16e24558d74ac8775a955fdd3/jose4j-0.9.5.jar because:
  Build cache is disabled
  Caching not enabled.
Caching disabled for ExternalDependencyInstrumentingArtifactTransform: /home/runner/.gradle/caches/modules-2/files-2.1/com.google.j2objc/j2objc-annotations/2.8/c85270e307e7b822f1086b93689124b89768e273/j2objc-annotations-2.8.jar because:
  Build cache is disabled
  Caching not enabled.
Caching disabled for MergeInstrumentationAnalysisTransform: /home/runner/.gradle/caches/modules-2/files-2.1/com.google.android/annotations/4.1.1.4/a1678ba907bf92691d879fef34e1a187038f9259/annotations-4.1.1.4.jar because:
  Build cache is disabled
  Caching not enabled.
Caching disabled for MergeInstrumentationAnalysisTransform: /home/runner/.gradle/caches/8.9/transforms/2b4910480f6f4939d36ac67af712af9c/transformed/analysis/instrumentation-dependencies.bin because:
  Build cache is disabled
  Caching not enabled.
Caching disabled for MergeInstrumentationAnalysisTransform: /home/runner/.gradle/caches/8.9/transforms/08652da9c5fc6033938779d4e4db5f11/transformed/analysis/instrumentation-hierarchy.bin because:
  Build cache is disabled
  Caching not enabled.
Caching disabled for MergeInstrumentationAnalysisTransform: /home/runner/.gradle/caches/8.9/transforms/08652da9c5fc6033938779d4e4db5f11/transformed/analysis/instrumentation-dependencies.bin because:
  Build cache is disabled
  Caching not enabled.
Transforming annotations-4.1.1.4.jar (com.google.android:annotations:4.1.1.4) with ExternalDependencyInstrumentingArtifactTransform
Caching disabled for ExternalDependencyInstrumentingArtifactTransform: /home/runner/.gradle/caches/8.9/transforms/437cca8bf3ca5956fffd1f196febd493/transformed/merge/instrumentation-dependencies.bin because:
  Build cache is disabled
  Caching not enabled.
Caching disabled for MergeInstrumentationAnalysisTransform: /home/runner/.gradle/caches/modules-2/files-2.1/org.codehaus.mojo/animal-sniffer-annotations/1.23/3c0daebd5f0e1ce72cc50c818321ac957aeb5d70/animal-sniffer-annotations-1.23.jar because:
  Build cache is disabled
  Caching not enabled.
Caching disabled for ExternalDependencyInstrumentingArtifactTransform: /home/runner/.gradle/caches/modules-2/files-2.1/com.google.android/annotations/4.1.1.4/a1678ba907bf92691d879fef34e1a187038f9259/annotations-4.1.1.4.jar because:
  Build cache is disabled
  Caching not enabled.
Caching disabled for MergeInstrumentationAnalysisTransform: /home/runner/.gradle/caches/modules-2/files-2.1/io.perfmark/perfmark-api/0.26.0/ef65452adaf20bf7d12ef55913aba24037b82738/perfmark-api-0.26.0.jar because:
  Build cache is disabled
  Caching not enabled.
Transforming animal-sniffer-annotations-1.23.jar (org.codehaus.mojo:animal-sniffer-annotations:1.23) with ExternalDependencyInstrumentingArtifactTransform
Transforming perfmark-api-0.26.0.jar (io.perfmark:perfmark-api:0.26.0) with ExternalDependencyInstrumentingArtifactTransform
Caching disabled for ExternalDependencyInstrumentingArtifactTransform: /home/runner/.gradle/caches/8.9/transforms/3deb431c6e2525c6cd6bac66597c8b92/transformed/merge/instrumentation-dependencies.bin because:
  Build cache is disabled
  Caching not enabled.
Caching disabled for MergeInstrumentationAnalysisTransform: /home/runner/.gradle/caches/8.9/transforms/8af4df9feab5d585aceb3083a57c63e5/transformed/analysis/instrumentation-hierarchy.bin because:
  Build cache is disabled
  Caching not enabled.
Caching disabled for ExternalDependencyInstrumentingArtifactTransform: /home/runner/.gradle/caches/8.9/transforms/d14977ea2d4525b5b478639456bde8bb/transformed/merge/instrumentation-dependencies.bin because:
  Build cache is disabled
  Caching not enabled.
Caching disabled for MergeInstrumentationAnalysisTransform: /home/runner/.gradle/caches/8.9/transforms/8af4df9feab5d585aceb3083a57c63e5/transformed/analysis/instrumentation-dependencies.bin because:
  Build cache is disabled
  Caching not enabled.
Caching disabled for ExternalDependencyInstrumentingArtifactTransform: /home/runner/.gradle/caches/modules-2/files-2.1/io.perfmark/perfmark-api/0.26.0/ef65452adaf20bf7d12ef55913aba24037b82738/perfmark-api-0.26.0.jar because:
  Build cache is disabled
  Caching not enabled.
Caching disabled for MergeInstrumentationAnalysisTransform: /home/runner/.gradle/caches/8.9/transforms/84b3785d3ace9128a149b3327d08e2a2/transformed/analysis/instrumentation-hierarchy.bin because:
  Build cache is disabled
  Caching not enabled.
Caching disabled for ExternalDependencyInstrumentingArtifactTransform: /home/runner/.gradle/caches/modules-2/files-2.1/org.codehaus.mojo/animal-sniffer-annotations/1.23/3c0daebd5f0e1ce72cc50c818321ac957aeb5d70/animal-sniffer-annotations-1.23.jar because:
  Build cache is disabled
  Caching not enabled.
Caching disabled for MergeInstrumentationAnalysisTransform: /home/runner/.gradle/caches/modules-2/files-2.1/io.netty/netty-codec-http2/4.1.93.Final/f1625b43bde13ec057da0d2fe381ded2547a70e/netty-codec-http2-4.1.93.Final.jar because:
  Build cache is disabled
  Caching not enabled.
Caching disabled for MergeInstrumentationAnalysisTransform: /home/runner/.gradle/caches/8.9/transforms/84b3785d3ace9128a149b3327d08e2a2/transformed/analysis/instrumentation-dependencies.bin because:
  Build cache is disabled
  Caching not enabled.
Caching disabled for MergeInstrumentationAnalysisTransform: /home/runner/.gradle/caches/8.9/transforms/054c58bab0538f933da059baf3078d06/transformed/analysis/instrumentation-hierarchy.bin because:
  Build cache is disabled
  Caching not enabled.
Transforming netty-codec-http2-4.1.93.Final.jar (io.netty:netty-codec-http2:4.1.93.Final) with ExternalDependencyInstrumentingArtifactTransform
Caching disabled for ExternalDependencyInstrumentingArtifactTransform: /home/runner/.gradle/caches/8.9/transforms/8e51271d77d88ec953100990bd834653/transformed/merge/instrumentation-dependencies.bin because:
  Build cache is disabled
  Caching not enabled.
Caching disabled for MergeInstrumentationAnalysisTransform: /home/runner/.gradle/caches/modules-2/files-2.1/io.netty/netty-handler-proxy/4.1.93.Final/c165c1efe1b9c0cc22546a057b530611a088768b/netty-handler-proxy-4.1.93.Final.jar because:
  Build cache is disabled
  Caching not enabled.
Caching disabled for MergeInstrumentationAnalysisTransform: /home/runner/.gradle/caches/8.9/transforms/054c58bab0538f933da059baf3078d06/transformed/analysis/instrumentation-dependencies.bin because:
  Build cache is disabled
  Caching not enabled.
Transforming netty-handler-proxy-4.1.93.Final.jar (io.netty:netty-handler-proxy:4.1.93.Final) with ExternalDependencyInstrumentingArtifactTransform
Caching disabled for ExternalDependencyInstrumentingArtifactTransform: /home/runner/.gradle/caches/8.9/transforms/8df9da78b879ab10ebfdaa8b03390039/transformed/merge/instrumentation-dependencies.bin because:
  Build cache is disabled
  Caching not enabled.
Caching disabled for MergeInstrumentationAnalysisTransform: /home/runner/.gradle/caches/modules-2/files-2.1/io.netty/netty-codec-http/4.1.93.Final/36acf0c94d03eb6ecef78a749a32cbb7dc0c57b4/netty-codec-http-4.1.93.Final.jar because:
  Build cache is disabled
  Caching not enabled.
Transforming netty-codec-http-4.1.93.Final.jar (io.netty:netty-codec-http:4.1.93.Final) with ExternalDependencyInstrumentingArtifactTransform
Caching disabled for ExternalDependencyInstrumentingArtifactTransform: /home/runner/.gradle/caches/8.9/transforms/ccf069c53361ada2f2fd042e47c409c3/transformed/merge/instrumentation-dependencies.bin because:
  Build cache is disabled
  Caching not enabled.
Caching disabled for ExternalDependencyInstrumentingArtifactTransform: /home/runner/.gradle/caches/modules-2/files-2.1/io.netty/netty-handler-proxy/4.1.93.Final/c165c1efe1b9c0cc22546a057b530611a088768b/netty-handler-proxy-4.1.93.Final.jar because:
  Build cache is disabled
  Caching not enabled.
Caching disabled for MergeInstrumentationAnalysisTransform: /home/runner/.gradle/caches/8.9/transforms/8236f9146983391a7a242938ae6f1444/transformed/analysis/instrumentation-hierarchy.bin because:
  Build cache is disabled
  Caching not enabled.
Caching disabled for MergeInstrumentationAnalysisTransform: /home/runner/.gradle/caches/8.9/transforms/8236f9146983391a7a242938ae6f1444/transformed/analysis/instrumentation-dependencies.bin because:
  Build cache is disabled
  Caching not enabled.
Caching disabled for MergeInstrumentationAnalysisTransform: /home/runner/.gradle/caches/modules-2/files-2.1/io.netty/netty-handler/4.1.93.Final/10f7ed9d8e1bfcba416074c70e5388be96116bfc/netty-handler-4.1.93.Final.jar because:
  Build cache is disabled
  Caching not enabled.
Transforming netty-handler-4.1.93.Final.jar (io.netty:netty-handler:4.1.93.Final) with ExternalDependencyInstrumentingArtifactTransform
Caching disabled for ExternalDependencyInstrumentingArtifactTransform: /home/runner/.gradle/caches/8.9/transforms/368f49d047f57c29e00aff096d97c52d/transformed/merge/instrumentation-dependencies.bin because:
  Build cache is disabled
  Caching not enabled.
Caching disabled for ExternalDependencyInstrumentingArtifactTransform: /home/runner/.gradle/caches/modules-2/files-2.1/io.netty/netty-codec-http/4.1.93.Final/36acf0c94d03eb6ecef78a749a32cbb7dc0c57b4/netty-codec-http-4.1.93.Final.jar because:
  Build cache is disabled
  Caching not enabled.
Caching disabled for MergeInstrumentationAnalysisTransform: /home/runner/.gradle/caches/8.9/transforms/942477cb07eb61e0a0dfb6199bbb3557/transformed/analysis/instrumentation-hierarchy.bin because:
  Build cache is disabled
  Caching not enabled.
Caching disabled for MergeInstrumentationAnalysisTransform: /home/runner/.gradle/caches/8.9/transforms/942477cb07eb61e0a0dfb6199bbb3557/transformed/analysis/instrumentation-dependencies.bin because:
  Build cache is disabled
  Caching not enabled.
Caching disabled for MergeInstrumentationAnalysisTransform: /home/runner/.gradle/caches/modules-2/files-2.1/io.netty/netty-transport-native-unix-common/4.1.93.Final/f4fb8b4c8da539091f43abcbb9f0389e48807eea/netty-transport-native-unix-common-4.1.93.Final.jar because:
  Build cache is disabled
  Caching not enabled.
Transforming netty-transport-native-unix-common-4.1.93.Final.jar (io.netty:netty-transport-native-unix-common:4.1.93.Final) with ExternalDependencyInstrumentingArtifactTransform
Caching disabled for ExternalDependencyInstrumentingArtifactTransform: /home/runner/.gradle/caches/8.9/transforms/a0b895664085a37533203c589ab83f3f/transformed/merge/instrumentation-dependencies.bin because:
  Build cache is disabled
  Caching not enabled.
Caching disabled for ExternalDependencyInstrumentingArtifactTransform: /home/runner/.gradle/caches/modules-2/files-2.1/io.netty/netty-codec-http2/4.1.93.Final/f1625b43bde13ec057da0d2fe381ded2547a70e/netty-codec-http2-4.1.93.Final.jar because:
  Build cache is disabled
  Caching not enabled.
Caching disabled for ExternalDependencyInstrumentingArtifactTransform: /home/runner/.gradle/caches/modules-2/files-2.1/io.netty/netty-transport-native-unix-common/4.1.93.Final/f4fb8b4c8da539091f43abcbb9f0389e48807eea/netty-transport-native-unix-common-4.1.93.Final.jar because:
  Build cache is disabled
  Caching not enabled.
Caching disabled for MergeInstrumentationAnalysisTransform: /home/runner/.gradle/caches/8.9/transforms/9d1de03bc6dca374838b63c4f33c9cef/transformed/analysis/instrumentation-dependencies.bin because:
  Build cache is disabled
  Caching not enabled.
Caching disabled for MergeInstrumentationAnalysisTransform: /home/runner/.gradle/caches/8.9/transforms/037665d51127e62640bfce75da89db7e/transformed/analysis/instrumentation-hierarchy.bin because:
  Build cache is disabled
  Caching not enabled.
Caching disabled for MergeInstrumentationAnalysisTransform: /home/runner/.gradle/caches/8.9/transforms/037665d51127e62640bfce75da89db7e/transformed/analysis/instrumentation-dependencies.bin because:
  Build cache is disabled
  Caching not enabled.
Caching disabled for MergeInstrumentationAnalysisTransform: /home/runner/.gradle/caches/modules-2/files-2.1/org.checkerframework/checker-qual/3.33.0/de2b60b62da487644fc11f734e73c8b0b431238f/checker-qual-3.33.0.jar because:
  Build cache is disabled
  Caching not enabled.
Transforming checker-qual-3.33.0.jar (org.checkerframework:checker-qual:3.33.0) with ExternalDependencyInstrumentingArtifactTransform
Caching disabled for ExternalDependencyInstrumentingArtifactTransform: /home/runner/.gradle/caches/8.9/transforms/64afabbea2c3095be45b1557e30b69cd/transformed/merge/instrumentation-dependencies.bin because:
  Build cache is disabled
  Caching not enabled.
Caching disabled for MergeInstrumentationAnalysisTransform: /home/runner/.gradle/caches/modules-2/files-2.1/commons-codec/commons-codec/1.11/3acb4705652e16236558f0f4f2192cc33c3bd189/commons-codec-1.11.jar because:
  Build cache is disabled
  Caching not enabled.
Transforming commons-codec-1.11.jar (commons-codec:commons-codec:1.11) with ExternalDependencyInstrumentingArtifactTransform
Caching disabled for ExternalDependencyInstrumentingArtifactTransform: /home/runner/.gradle/caches/modules-2/files-2.1/io.netty/netty-handler/4.1.93.Final/10f7ed9d8e1bfcba416074c70e5388be96116bfc/netty-handler-4.1.93.Final.jar because:
  Build cache is disabled
  Caching not enabled.
Caching disabled for ExternalDependencyInstrumentingArtifactTransform: /home/runner/.gradle/caches/8.9/transforms/997d514865817ad412208206760723dc/transformed/merge/instrumentation-dependencies.bin because:
  Build cache is disabled
  Caching not enabled.
Caching disabled for MergeInstrumentationAnalysisTransform: /home/runner/.gradle/caches/8.9/transforms/05f3eada2e9553ec2d1caa5b34e3940a/transformed/analysis/instrumentation-hierarchy.bin because:
  Build cache is disabled
  Caching not enabled.
Caching disabled for MergeInstrumentationAnalysisTransform: /home/runner/.gradle/caches/8.9/transforms/05f3eada2e9553ec2d1caa5b34e3940a/transformed/analysis/instrumentation-dependencies.bin because:
  Build cache is disabled
  Caching not enabled.
Caching disabled for MergeInstrumentationAnalysisTransform: /home/runner/.gradle/caches/modules-2/files-2.1/com.android.tools.build/apksig/8.7.3/f005788487574c7d6ba23dea63bf8cb3a4f164a6/apksig-8.7.3.jar because:
  Build cache is disabled
  Caching not enabled.
Transforming apksig-8.7.3.jar (com.android.tools.build:apksig:8.7.3) with ExternalDependencyInstrumentingArtifactTransform
Caching disabled for ExternalDependencyInstrumentingArtifactTransform: /home/runner/.gradle/caches/8.9/transforms/a891bb738b2a5d5290a3e11c32276b50/transformed/merge/instrumentation-dependencies.bin because:
  Build cache is disabled
  Caching not enabled.
Caching disabled for ExternalDependencyInstrumentingArtifactTransform: /home/runner/.gradle/caches/modules-2/files-2.1/commons-codec/commons-codec/1.11/3acb4705652e16236558f0f4f2192cc33c3bd189/commons-codec-1.11.jar because:
  Build cache is disabled
  Caching not enabled.
Caching disabled for MergeInstrumentationAnalysisTransform: /home/runner/.gradle/caches/8.9/transforms/bf37be03e5d8fcdd04310d21fabb2080/transformed/analysis/instrumentation-hierarchy.bin because:
  Build cache is disabled
  Caching not enabled.
Caching disabled for MergeInstrumentationAnalysisTransform: /home/runner/.gradle/caches/8.9/transforms/bf37be03e5d8fcdd04310d21fabb2080/transformed/analysis/instrumentation-dependencies.bin because:
  Build cache is disabled
  Caching not enabled.
Caching disabled for MergeInstrumentationAnalysisTransform: /home/runner/.gradle/caches/modules-2/files-2.1/com.squareup/javawriter/2.5.0/81241ff7078ef14f42ea2a8995fa09c096256e6b/javawriter-2.5.0.jar because:
  Build cache is disabled
  Caching not enabled.
Transforming javawriter-2.5.0.jar (com.squareup:javawriter:2.5.0) with ExternalDependencyInstrumentingArtifactTransform
Caching disabled for ExternalDependencyInstrumentingArtifactTransform: /home/runner/.gradle/caches/8.9/transforms/029394a9e2ec68bda3acc777ff60e11c/transformed/merge/instrumentation-dependencies.bin because:
  Build cache is disabled
  Caching not enabled.
Caching disabled for ExternalDependencyInstrumentingArtifactTransform: /home/runner/.gradle/caches/modules-2/files-2.1/org.checkerframework/checker-qual/3.33.0/de2b60b62da487644fc11f734e73c8b0b431238f/checker-qual-3.33.0.jar because:
  Build cache is disabled
  Caching not enabled.
Caching disabled for ExternalDependencyInstrumentingArtifactTransform: /home/runner/.gradle/caches/modules-2/files-2.1/com.squareup/javawriter/2.5.0/81241ff7078ef14f42ea2a8995fa09c096256e6b/javawriter-2.5.0.jar because:
  Build cache is disabled
  Caching not enabled.
Caching disabled for MergeInstrumentationAnalysisTransform: /home/runner/.gradle/caches/8.9/transforms/85dc3583c466bf12d4ee93865246a757/transformed/analysis/instrumentation-dependencies.bin because:
  Build cache is disabled
  Caching not enabled.
Caching disabled for MergeInstrumentationAnalysisTransform: /home/runner/.gradle/caches/8.9/transforms/f784c2c7b3cd803c9af13b4cde40d779/transformed/analysis/instrumentation-dependencies.bin because:
  Build cache is disabled
  Caching not enabled.
Caching disabled for MergeInstrumentationAnalysisTransform: /home/runner/.gradle/caches/modules-2/files-2.1/com.google.guava/failureaccess/1.0.1/1dcf1de382a0bf95a3d8b0849546c88bac1292c9/failureaccess-1.0.1.jar because:
  Build cache is disabled
  Caching not enabled.
Caching disabled for MergeInstrumentationAnalysisTransform: /home/runner/.gradle/caches/modules-2/files-2.1/com.google.guava/listenablefuture/9999.0-empty-to-avoid-conflict-with-guava/b421526c5f297295adef1c886e5246c39d4ac629/listenablefuture-9999.0-empty-to-avoid-conflict-with-guava.jar because:
  Build cache is disabled
  Caching not enabled.
Transforming listenablefuture-9999.0-empty-to-avoid-conflict-with-guava.jar (com.google.guava:listenablefuture:9999.0-empty-to-avoid-conflict-with-guava) with ExternalDependencyInstrumentingArtifactTransform
Caching disabled for ExternalDependencyInstrumentingArtifactTransform: /home/runner/.gradle/caches/8.9/transforms/91ad420870868622fd506e6fcf1ced54/transformed/merge/instrumentation-dependencies.bin because:
  Build cache is disabled
  Caching not enabled.
Transforming failureaccess-1.0.1.jar (com.google.guava:failureaccess:1.0.1) with ExternalDependencyInstrumentingArtifactTransform
Caching disabled for ExternalDependencyInstrumentingArtifactTransform: /home/runner/.gradle/caches/8.9/transforms/4ea10ba5b524e9c72064a7c69e75b3d0/transformed/merge/instrumentation-dependencies.bin because:
  Build cache is disabled
  Caching not enabled.
Caching disabled for ExternalDependencyInstrumentingArtifactTransform: /home/runner/.gradle/caches/modules-2/files-2.1/com.google.guava/listenablefuture/9999.0-empty-to-avoid-conflict-with-guava/b421526c5f297295adef1c886e5246c39d4ac629/listenablefuture-9999.0-empty-to-avoid-conflict-with-guava.jar because:
  Build cache is disabled
  Caching not enabled.
Caching disabled for MergeInstrumentationAnalysisTransform: /home/runner/.gradle/caches/8.9/transforms/fbcd0c19f0d14e5919f17e84224dc983/transformed/analysis/instrumentation-hierarchy.bin because:
  Build cache is disabled
  Caching not enabled.
Caching disabled for ExternalDependencyInstrumentingArtifactTransform: /home/runner/.gradle/caches/modules-2/files-2.1/com.google.guava/failureaccess/1.0.1/1dcf1de382a0bf95a3d8b0849546c88bac1292c9/failureaccess-1.0.1.jar because:
  Build cache is disabled
  Caching not enabled.
Caching disabled for MergeInstrumentationAnalysisTransform: /home/runner/.gradle/caches/8.9/transforms/fbcd0c19f0d14e5919f17e84224dc983/transformed/analysis/instrumentation-dependencies.bin because:
  Build cache is disabled
  Caching not enabled.
Caching disabled for MergeInstrumentationAnalysisTransform: /home/runner/.gradle/caches/8.9/transforms/0626408f18e50194cf0e8ae4646f0fc5/transformed/analysis/instrumentation-hierarchy.bin because:
  Build cache is disabled
  Caching not enabled.
Caching disabled for MergeInstrumentationAnalysisTransform: /home/runner/.gradle/caches/modules-2/files-2.1/commons-logging/commons-logging/1.2/4bfc12adfe4842bf07b657f0369c4cb522955686/commons-logging-1.2.jar because:
  Build cache is disabled
  Caching not enabled.
Transforming commons-logging-1.2.jar (commons-logging:commons-logging:1.2) with ExternalDependencyInstrumentingArtifactTransform
Caching disabled for ExternalDependencyInstrumentingArtifactTransform: /home/runner/.gradle/caches/8.9/transforms/d140331c917389c489e9a51ab44e78b0/transformed/merge/instrumentation-dependencies.bin because:
  Build cache is disabled
  Caching not enabled.
Caching disabled for MergeInstrumentationAnalysisTransform: /home/runner/.gradle/caches/8.9/transforms/0626408f18e50194cf0e8ae4646f0fc5/transformed/analysis/instrumentation-dependencies.bin because:
  Build cache is disabled
  Caching not enabled.
Caching disabled for MergeInstrumentationAnalysisTransform: /home/runner/.gradle/caches/modules-2/files-2.1/net.java.dev.jna/jna/5.6.0/330f2244e9030119ab3030fc3fededc86713d9cc/jna-5.6.0.jar because:
  Build cache is disabled
  Caching not enabled.
Caching disabled for ExternalDependencyInstrumentingArtifactTransform: /home/runner/.gradle/caches/modules-2/files-2.1/commons-logging/commons-logging/1.2/4bfc12adfe4842bf07b657f0369c4cb522955686/commons-logging-1.2.jar because:
  Build cache is disabled
  Caching not enabled.
Transforming jna-5.6.0.jar (net.java.dev.jna:jna:5.6.0) with ExternalDependencyInstrumentingArtifactTransform
Caching disabled for ExternalDependencyInstrumentingArtifactTransform: /home/runner/.gradle/caches/8.9/transforms/42b53120cd5d59f0b936b7b1ae3d3414/transformed/merge/instrumentation-dependencies.bin because:
  Build cache is disabled
  Caching not enabled.
Caching disabled for MergeInstrumentationAnalysisTransform: /home/runner/.gradle/caches/8.9/transforms/c24ee4fcbc9283d739d6a2de544c54b4/transformed/analysis/instrumentation-hierarchy.bin because:
  Build cache is disabled
  Caching not enabled.
Caching disabled for MergeInstrumentationAnalysisTransform: /home/runner/.gradle/caches/8.9/transforms/c24ee4fcbc9283d739d6a2de544c54b4/transformed/analysis/instrumentation-dependencies.bin because:
  Build cache is disabled
  Caching not enabled.
Caching disabled for MergeInstrumentationAnalysisTransform: /home/runner/.gradle/caches/modules-2/files-2.1/io.netty/netty-codec-socks/4.1.93.Final/81ca78969afc60073e47c3b7b361cc3839392c73/netty-codec-socks-4.1.93.Final.jar because:
  Build cache is disabled
  Caching not enabled.
Caching disabled for ExternalDependencyInstrumentingArtifactTransform: /home/runner/.gradle/caches/modules-2/files-2.1/com.android.tools.build/apksig/8.7.3/f005788487574c7d6ba23dea63bf8cb3a4f164a6/apksig-8.7.3.jar because:
  Build cache is disabled
  Caching not enabled.
Transforming netty-codec-socks-4.1.93.Final.jar (io.netty:netty-codec-socks:4.1.93.Final) with ExternalDependencyInstrumentingArtifactTransform
Caching disabled for ExternalDependencyInstrumentingArtifactTransform: /home/runner/.gradle/caches/8.9/transforms/4116f0b05c123f8b8e0474e024cef7dd/transformed/merge/instrumentation-dependencies.bin because:
  Build cache is disabled
  Caching not enabled.
Caching disabled for MergeInstrumentationAnalysisTransform: /home/runner/.gradle/caches/8.9/transforms/7c844efdd3dd5b9ffc791a9ffee5c7ef/transformed/analysis/instrumentation-hierarchy.bin because:
  Build cache is disabled
  Caching not enabled.
Caching disabled for MergeInstrumentationAnalysisTransform: /home/runner/.gradle/caches/8.9/transforms/7c844efdd3dd5b9ffc791a9ffee5c7ef/transformed/analysis/instrumentation-dependencies.bin because:
  Build cache is disabled
  Caching not enabled.
Caching disabled for MergeInstrumentationAnalysisTransform: /home/runner/.gradle/caches/modules-2/files-2.1/io.netty/netty-codec/4.1.93.Final/503badb458b6586632be8d1f81aa4e5ab99a80fc/netty-codec-4.1.93.Final.jar because:
  Build cache is disabled
  Caching not enabled.
Caching disabled for ExternalDependencyInstrumentingArtifactTransform: /home/runner/.gradle/caches/modules-2/files-2.1/net.java.dev.jna/jna/5.6.0/330f2244e9030119ab3030fc3fededc86713d9cc/jna-5.6.0.jar because:
  Build cache is disabled
  Caching not enabled.
Transforming netty-codec-4.1.93.Final.jar (io.netty:netty-codec:4.1.93.Final) with ExternalDependencyInstrumentingArtifactTransform
Caching disabled for MergeInstrumentationAnalysisTransform: /home/runner/.gradle/caches/8.9/transforms/87e5f04c366afa61720de404ef708daf/transformed/analysis/instrumentation-hierarchy.bin because:
  Build cache is disabled
  Caching not enabled.
Caching disabled for ExternalDependencyInstrumentingArtifactTransform: /home/runner/.gradle/caches/8.9/transforms/476fdd4f07f4c9ee4391e5f4162dadd8/transformed/merge/instrumentation-dependencies.bin because:
  Build cache is disabled
  Caching not enabled.
Caching disabled for MergeInstrumentationAnalysisTransform: /home/runner/.gradle/caches/8.9/transforms/87e5f04c366afa61720de404ef708daf/transformed/analysis/instrumentation-dependencies.bin because:
  Build cache is disabled
  Caching not enabled.
Caching disabled for ExternalDependencyInstrumentingArtifactTransform: /home/runner/.gradle/caches/modules-2/files-2.1/io.netty/netty-codec-socks/4.1.93.Final/81ca78969afc60073e47c3b7b361cc3839392c73/netty-codec-socks-4.1.93.Final.jar because:
  Build cache is disabled
  Caching not enabled.
Caching disabled for MergeInstrumentationAnalysisTransform: /home/runner/.gradle/caches/modules-2/files-2.1/io.netty/netty-transport/4.1.93.Final/1a0894915c8027ce83b4d6a811c4e765955efd15/netty-transport-4.1.93.Final.jar because:
  Build cache is disabled
  Caching not enabled.
Caching disabled for MergeInstrumentationAnalysisTransform: /home/runner/.gradle/caches/8.9/transforms/c8545e7f6fc7d5757573a08236fb6bab/transformed/analysis/instrumentation-hierarchy.bin because:
  Build cache is disabled
  Caching not enabled.
Transforming netty-transport-4.1.93.Final.jar (io.netty:netty-transport:4.1.93.Final) with ExternalDependencyInstrumentingArtifactTransform
Caching disabled for ExternalDependencyInstrumentingArtifactTransform: /home/runner/.gradle/caches/8.9/transforms/ed74ed9cf20db871b54b2275d01d3bec/transformed/merge/instrumentation-dependencies.bin because:
  Build cache is disabled
  Caching not enabled.
Caching disabled for MergeInstrumentationAnalysisTransform: /home/runner/.gradle/caches/8.9/transforms/c8545e7f6fc7d5757573a08236fb6bab/transformed/analysis/instrumentation-dependencies.bin because:
  Build cache is disabled
  Caching not enabled.
Caching disabled for MergeInstrumentationAnalysisTransform: /home/runner/.gradle/caches/modules-2/files-2.1/io.netty/netty-buffer/4.1.93.Final/87fac21f4ef95157866b07b48e3c707a2f13c581/netty-buffer-4.1.93.Final.jar because:
  Build cache is disabled
  Caching not enabled.
Transforming netty-buffer-4.1.93.Final.jar (io.netty:netty-buffer:4.1.93.Final) with ExternalDependencyInstrumentingArtifactTransform
Caching disabled for ExternalDependencyInstrumentingArtifactTransform: /home/runner/.gradle/caches/8.9/transforms/fd6990e6331f4e820039c2f0a36c0e03/transformed/merge/instrumentation-dependencies.bin because:
  Build cache is disabled
  Caching not enabled.
Caching disabled for ExternalDependencyInstrumentingArtifactTransform: /home/runner/.gradle/caches/modules-2/files-2.1/io.netty/netty-transport/4.1.93.Final/1a0894915c8027ce83b4d6a811c4e765955efd15/netty-transport-4.1.93.Final.jar because:
  Build cache is disabled
  Caching not enabled.
Caching disabled for ExternalDependencyInstrumentingArtifactTransform: /home/runner/.gradle/caches/modules-2/files-2.1/io.netty/netty-codec/4.1.93.Final/503badb458b6586632be8d1f81aa4e5ab99a80fc/netty-codec-4.1.93.Final.jar because:
  Build cache is disabled
  Caching not enabled.
Caching disabled for MergeInstrumentationAnalysisTransform: /home/runner/.gradle/caches/8.9/transforms/5e1fa85f39b2f6911e356f33359acbd4/transformed/analysis/instrumentation-hierarchy.bin because:
  Build cache is disabled
  Caching not enabled.
Caching disabled for ExternalDependencyInstrumentingArtifactTransform: /home/runner/.gradle/caches/modules-2/files-2.1/io.netty/netty-buffer/4.1.93.Final/87fac21f4ef95157866b07b48e3c707a2f13c581/netty-buffer-4.1.93.Final.jar because:
  Build cache is disabled
  Caching not enabled.
Caching disabled for MergeInstrumentationAnalysisTransform: /home/runner/.gradle/caches/8.9/transforms/cb508a5eb40a63d42d0fbec5fab367c0/transformed/analysis/instrumentation-hierarchy.bin because:
  Build cache is disabled
  Caching not enabled.
Caching disabled for MergeInstrumentationAnalysisTransform: /home/runner/.gradle/caches/8.9/transforms/5e1fa85f39b2f6911e356f33359acbd4/transformed/analysis/instrumentation-dependencies.bin because:
  Build cache is disabled
  Caching not enabled.
Caching disabled for MergeInstrumentationAnalysisTransform: /home/runner/.gradle/caches/8.9/transforms/cb508a5eb40a63d42d0fbec5fab367c0/transformed/analysis/instrumentation-dependencies.bin because:
  Build cache is disabled
  Caching not enabled.
Caching disabled for MergeInstrumentationAnalysisTransform: /home/runner/.gradle/caches/modules-2/files-2.1/io.netty/netty-resolver/4.1.93.Final/3860e99075f9e078364ed38f6d6fc8825b7a168a/netty-resolver-4.1.93.Final.jar because:
  Build cache is disabled
  Caching not enabled.
Transforming netty-resolver-4.1.93.Final.jar (io.netty:netty-resolver:4.1.93.Final) with ExternalDependencyInstrumentingArtifactTransform
Caching disabled for ExternalDependencyInstrumentingArtifactTransform: /home/runner/.gradle/caches/8.9/transforms/7ad05051a173add580037520e62cf888/transformed/merge/instrumentation-dependencies.bin because:
  Build cache is disabled
  Caching not enabled.
Caching disabled for MergeInstrumentationAnalysisTransform: /home/runner/.gradle/caches/modules-2/files-2.1/io.netty/netty-common/4.1.93.Final/1cfc49b91b0d3ddb30c9f7d8467e5d02ae8babdf/netty-common-4.1.93.Final.jar because:
  Build cache is disabled
  Caching not enabled.
Transforming netty-common-4.1.93.Final.jar (io.netty:netty-common:4.1.93.Final) with ExternalDependencyInstrumentingArtifactTransform
Caching disabled for ExternalDependencyInstrumentingArtifactTransform: /home/runner/.gradle/caches/8.9/transforms/7dd5d2310b31bcbc247c00a58fca413d/transformed/merge/instrumentation-dependencies.bin because:
  Build cache is disabled
  Caching not enabled.
Caching disabled for ExternalDependencyInstrumentingArtifactTransform: /home/runner/.gradle/caches/modules-2/files-2.1/io.netty/netty-resolver/4.1.93.Final/3860e99075f9e078364ed38f6d6fc8825b7a168a/netty-resolver-4.1.93.Final.jar because:
  Build cache is disabled
  Caching not enabled.
Caching disabled for ExternalDependencyInstrumentingArtifactTransform: /home/runner/.gradle/caches/modules-2/files-2.1/io.netty/netty-common/4.1.93.Final/1cfc49b91b0d3ddb30c9f7d8467e5d02ae8babdf/netty-common-4.1.93.Final.jar because:
  Build cache is disabled
  Caching not enabled.
Caching disabled for ExternalDependencyInstrumentingArtifactTransform: /home/runner/.gradle/caches/modules-2/files-2.1/org.bouncycastle/bcprov-jdk18on/1.77/2cc971b6c20949c1ff98d1a4bc741ee848a09523/bcprov-jdk18on-1.77.jar because:
  Build cache is disabled
  Caching not enabled.
Caching disabled for Groovy DSL script compilation (proj) because:
  Build cache is disabled
  Not worth caching.
Compiling build file '/home/runner/work/dager_hunter/dager_hunter/android/build.gradle' using BuildScriptTransformer.

> Configure project :app
Evaluating project ':app' using build file '/home/runner/work/dager_hunter/dager_hunter/android/app/build.gradle'.
Caching disabled for Groovy DSL script compilation (cp_proj) because:
  Build cache is disabled
  Not worth caching.
Compiling build file '/home/runner/work/dager_hunter/dager_hunter/android/app/build.gradle' using SubsetScriptTransformer.
Using default execution profile
Caching disabled for Groovy DSL script compilation (proj) because:
  Build cache is disabled
  Not worth caching.
Compiling build file '/home/runner/work/dager_hunter/dager_hunter/android/app/build.gradle' using BuildScriptTransformer.
All projects evaluated.
Task name matched 'assembleDebug'
Selected primary task 'assembleDebug' from project :
Tasks to be executed: [task ':app:syncWebAssets', task ':app:preBuild', task ':app:preDebugBuild', task ':app:mergeDebugNativeDebugMetadata', task ':app:generateDebugBuildConfig', task ':app:javaPreCompileDebug', task ':app:checkDebugAarMetadata', task ':app:generateDebugResValues', task ':app:mapDebugSourceSetPaths', task ':app:generateDebugResources', task ':app:mergeDebugResources', task ':app:packageDebugResources', task ':app:parseDebugLocalResources', task ':app:createDebugCompatibleScreenManifests', task ':app:extractDeepLinksDebug', task ':app:processDebugMainManifest', task ':app:processDebugManifest', task ':app:processDebugManifestForPackage', task ':app:processDebugResources', task ':app:compileDebugJavaWithJavac', task ':app:mergeDebugShaders', task ':app:compileDebugShaders', task ':app:generateDebugAssets', task ':app:mergeDebugAssets', task ':app:compressDebugAssets', task ':app:processDebugJavaRes', task ':app:mergeDebugJavaResource', task ':app:checkDebugDuplicateClasses', task ':app:desugarDebugFileDependencies', task ':app:mergeExtDexDebug', task ':app:mergeLibDexDebug', task ':app:dexBuilderDebug', task ':app:mergeProjectDexDebug', task ':app:mergeDebugJniLibFolders', task ':app:mergeDebugNativeLibs', task ':app:stripDebugDebugSymbols', task ':app:validateSigningDebug', task ':app:writeDebugAppMetadata', task ':app:writeDebugSigningConfigVersions', task ':app:packageDebug', task ':app:createDebugApkListingFileRedirect', task ':app:assembleDebug']
Tasks that were excluded: []
Resolve mutations for :app:syncWebAssets (Thread[Execution worker,5,main]) started.
:app:syncWebAssets (Thread[included builds,5,main]) started.

> Task :app:syncWebAssets
Caching disabled for task ':app:syncWebAssets' because:
  Build cache is disabled
  Not worth caching
Task ':app:syncWebAssets' is not up-to-date because:
  No history is available.
Resolve mutations for :app:preBuild (Thread[included builds,5,main]) started.
:app:preBuild (Thread[Execution worker,5,main]) started.

> Task :app:preBuild
Skipping task ':app:preBuild' as it has no actions.
Resolve mutations for :app:preDebugBuild (Thread[Execution worker,5,main]) started.
:app:preDebugBuild (Thread[Execution worker Thread 2,5,main]) started.

> Task :app:preDebugBuild
Skipping task ':app:preDebugBuild' as it has no actions.
Resolve mutations for :app:mergeDebugNativeDebugMetadata (Thread[Execution worker Thread 2,5,main]) started.
:app:mergeDebugNativeDebugMetadata (Thread[Execution worker Thread 3,5,main]) started.

> Task :app:mergeDebugNativeDebugMetadata NO-SOURCE
Skipping task ':app:mergeDebugNativeDebugMetadata' as it has no source files and no previous output files.
Resolve mutations for :app:generateDebugBuildConfig (Thread[Execution worker Thread 3,5,main]) started.
:app:generateDebugBuildConfig (Thread[Execution worker Thread 3,5,main]) started.

> Task :app:generateDebugBuildConfig
Caching disabled for task ':app:generateDebugBuildConfig' because:
  Build cache is disabled
Task ':app:generateDebugBuildConfig' is not up-to-date because:
  No history is available.
Resolve mutations for :app:javaPreCompileDebug (Thread[Execution worker Thread 3,5,main]) started.
:app:javaPreCompileDebug (Thread[Execution worker Thread 3,5,main]) started.
Resolve mutations for :app:checkDebugAarMetadata (Thread[Execution worker,5,main]) started.
:app:checkDebugAarMetadata (Thread[Execution worker,5,main]) started.

> Task :app:javaPreCompileDebug
Caching disabled for task ':app:javaPreCompileDebug' because:
  Build cache is disabled
Task ':app:javaPreCompileDebug' is not up-to-date because:
  No history is available.

> Task :app:checkDebugAarMetadata FAILED
Downloading https://dl.google.com/dl/android/maven2/androidx/webkit/webkit/1.10.0/webkit-1.10.0.pom to /home/runner/.gradle/.tmp/gradle_download17184801210876186149bin
Downloading https://dl.google.com/dl/android/maven2/androidx/webkit/webkit/1.10.0/webkit-1.10.0.module to /home/runner/.gradle/.tmp/gradle_download8360724035364637568bin
Downloading https://dl.google.com/dl/android/maven2/androidx/annotation/annotation/1.2.0/annotation-1.2.0.pom to /home/runner/.gradle/.tmp/gradle_download11620717506043497406bin
Downloading https://dl.google.com/dl/android/maven2/androidx/core/core/1.1.0/core-1.1.0.pom to /home/runner/.gradle/.tmp/gradle_download7611285508986681375bin
Downloading https://dl.google.com/dl/android/maven2/androidx/annotation/annotation/1.2.0/annotation-1.2.0.module to /home/runner/.gradle/.tmp/gradle_download5155141217136270527bin
Downloading https://dl.google.com/dl/android/maven2/androidx/lifecycle/lifecycle-runtime/2.0.0/lifecycle-runtime-2.0.0.pom to /home/runner/.gradle/.tmp/gradle_download16445460103043543312bin
Downloading https://dl.google.com/dl/android/maven2/androidx/versionedparcelable/versionedparcelable/1.1.0/versionedparcelable-1.1.0.pom to /home/runner/.gradle/.tmp/gradle_download15631565030849106495bin
Cache entries evicted. In-memory cache of /home/runner/work/dager_hunter/dager_hunter/android/.gradle/8.9/checksums/sha1-checksums.bin: Size{400} MaxSize{400}, CacheStats{hitCount=91, missCount=445, loadSuccessCount=441, loadExceptionCount=0, totalLoadTime=67093962, evictionCount=41} 
Performance may suffer from in-memory cache misses. Increase max heap size of Gradle build process to reduce cache misses.
Downloading https://dl.google.com/dl/android/maven2/androidx/collection/collection/1.0.0/collection-1.0.0.pom to /home/runner/.gradle/.tmp/gradle_download5084254937340926453bin
Downloading https://dl.google.com/dl/android/maven2/androidx/arch/core/core-common/2.0.0/core-common-2.0.0.pom to /home/runner/.gradle/.tmp/gradle_download5017079327928678635bin
Downloading https://dl.google.com/dl/android/maven2/androidx/lifecycle/lifecycle-common/2.0.0/lifecycle-common-2.0.0.pom to /home/runner/.gradle/.tmp/gradle_download16598281550544649863bin
gradle/actions: Writing build results to /home/runner/work/_temp/.gradle-actions/build-results/__run_2-1789310627569.json

FAILURE: Build failed with an exception.

* What went wrong:
Execution failed for task ':app:checkDebugAarMetadata'.
> Configuration `:app:debugRuntimeClasspath` contains AndroidX dependencies, but the `android.useAndroidX` property is not enabled, which may cause runtime issues.
  Set `android.useAndroidX=true` in the `gradle.properties` file and retry.
  The following AndroidX dependencies are detected:
  :app:debugRuntimeClasspath -> androidx.webkit:webkit:1.10.0
  :app:debugRuntimeClasspath -> androidx.webkit:webkit:1.10.0 -> androidx.annotation:annotation:1.2.0
  :app:debugRuntimeClasspath -> androidx.webkit:webkit:1.10.0 -> androidx.core:core:1.1.0
  :app:debugRuntimeClasspath -> androidx.webkit:webkit:1.10.0 -> androidx.core:core:1.1.0 -> androidx.lifecycle:lifecycle-runtime:2.0.0
  :app:debugRuntimeClasspath -> androidx.webkit:webkit:1.10.0 -> androidx.core:core:1.1.0 -> androidx.lifecycle:lifecycle-runtime:2.0.0 -> androidx.lifecycle:lifecycle-common:2.0.0
  :app:debugRuntimeClasspath -> androidx.webkit:webkit:1.10.0 -> androidx.core:core:1.1.0 -> androidx.lifecycle:lifecycle-runtime:2.0.0 -> androidx.arch.core:core-common:2.0.0
  :app:debugRuntimeClasspath -> androidx.webkit:webkit:1.10.0 -> androidx.core:core:1.1.0 -> androidx.versionedparcelable:versionedparcelable:1.1.0
  :app:debugRuntimeClasspath -> androidx.webkit:webkit:1.10.0 -> androidx.core:core:1.1.0 -> androidx.collection:collection:1.0.0

* Try:
> Run with --debug option to get more log output.
> Run with --scan to get full insights.
> Get more help at https://help.gradle.org.

* Exception is:
org.gradle.api.tasks.TaskExecutionException: Execution failed for task ':app:checkDebugAarMetadata'.
	at org.gradle.api.internal.tasks.execution.CatchExceptionTaskExecuter.execute(CatchExceptionTaskExecuter.java:38)
	at org.gradle.api.internal.tasks.execution.EventFiringTaskExecuter$1.executeTask(EventFiringTaskExecuter.java:77)
	at org.gradle.api.internal.tasks.execution.EventFiringTaskExecuter$1.call(EventFiringTaskExecuter.java:55)
	at org.gradle.api.internal.tasks.execution.EventFiringTaskExecuter$1.call(EventFiringTaskExecuter.java:52)
	at org.gradle.internal.operations.DefaultBuildOperationRunner$CallableBuildOperationWorker.execute(DefaultBuildOperationRunner.java:209)
	at org.gradle.internal.operations.DefaultBuildOperationRunner$CallableBuildOperationWorker.execute(DefaultBuildOperationRunner.java:204)
	at org.gradle.internal.operations.DefaultBuildOperationRunner$2.execute(DefaultBuildOperationRunner.java:66)
	at org.gradle.internal.operations.DefaultBuildOperationRunner$2.execute(DefaultBuildOperationRunner.java:59)
	at org.gradle.internal.operations.DefaultBuildOperationRunner.execute(DefaultBuildOperationRunner.java:166)
	at org.gradle.internal.operations.DefaultBuildOperationRunner.execute(DefaultBuildOperationRunner.java:59)
	at org.gradle.internal.operations.DefaultBuildOperationRunner.call(DefaultBuildOperationRunner.java:53)
	at org.gradle.api.internal.tasks.execution.EventFiringTaskExecuter.execute(EventFiringTaskExecuter.java:52)
	at org.gradle.execution.plan.LocalTaskNodeExecutor.execute(LocalTaskNodeExecutor.java:42)
	at org.gradle.execution.taskgraph.DefaultTaskExecutionGraph$InvokeNodeExecutorsAction.execute(DefaultTaskExecutionGraph.java:331)
	at org.gradle.execution.taskgraph.DefaultTaskExecutionGraph$InvokeNodeExecutorsAction.execute(DefaultTaskExecutionGraph.java:318)
	at org.gradle.execution.taskgraph.DefaultTaskExecutionGraph$BuildOperationAwareExecutionAction.lambda$execute$0(DefaultTaskExecutionGraph.java:314)
	at org.gradle.internal.operations.CurrentBuildOperationRef.with(CurrentBuildOperationRef.java:85)
	at org.gradle.execution.taskgraph.DefaultTaskExecutionGraph$BuildOperationAwareExecutionAction.execute(DefaultTaskExecutionGraph.java:314)
	at org.gradle.execution.taskgraph.DefaultTaskExecutionGraph$BuildOperationAwareExecutionAction.execute(DefaultTaskExecutionGraph.java:303)
	at org.gradle.execution.plan.DefaultPlanExecutor$ExecutorWorker.execute(DefaultPlanExecutor.java:459)
	at org.gradle.execution.plan.DefaultPlanExecutor$ExecutorWorker.run(DefaultPlanExecutor.java:376)
	at org.gradle.internal.concurrent.ExecutorPolicy$CatchAndRecordFailures.onExecute(ExecutorPolicy.java:64)
	at org.gradle.internal.concurrent.AbstractManagedExecutor$1.run(AbstractManagedExecutor.java:48)
Caused by: com.android.builder.errors.EvalIssueException: Configuration `:app:debugRuntimeClasspath` contains AndroidX dependencies, but the `android.useAndroidX` property is not enabled, which may cause runtime issues.
Set `android.useAndroidX=true` in the `gradle.properties` file and retry.
The following AndroidX dependencies are detected:
:app:debugRuntimeClasspath -> androidx.webkit:webkit:1.10.0
:app:debugRuntimeClasspath -> androidx.webkit:webkit:1.10.0 -> androidx.annotation:annotation:1.2.0
:app:debugRuntimeClasspath -> androidx.webkit:webkit:1.10.0 -> androidx.core:core:1.1.0
:app:debugRuntimeClasspath -> androidx.webkit:webkit:1.10.0 -> androidx.core:core:1.1.0 -> androidx.lifecycle:lifecycle-runtime:2.0.0
:app:debugRuntimeClasspath -> androidx.webkit:webkit:1.10.0 -> androidx.core:core:1.1.0 -> androidx.lifecycle:lifecycle-runtime:2.0.0 -> androidx.lifecycle:lifecycle-common:2.0.0
:app:debugRuntimeClasspath -> androidx.webkit:webkit:1.10.0 -> androidx.core:core:1.1.0 -> androidx.lifecycle:lifecycle-runtime:2.0.0 -> androidx.arch.core:core-common:2.0.0
:app:debugRuntimeClasspath -> androidx.webkit:webkit:1.10.0 -> androidx.core:core:1.1.0 -> androidx.versionedparcelable:versionedparcelable:1.1.0
:app:debugRuntimeClasspath -> androidx.webkit:webkit:1.10.0 -> androidx.core:core:1.1.0 -> androidx.collection:collection:1.0.0
	at com.android.builder.errors.IssueReporter.reportError(IssueReporter.kt:118)
	at com.android.builder.errors.IssueReporter.reportError$default(IssueReporter.kt:114)
	at com.android.build.gradle.internal.dependency.AndroidXDependencyCheck$AndroidXDisabledJetifierDisabled.execute(AndroidXDependencyCheck.kt:72)
	at com.android.build.gradle.internal.dependency.AndroidXDependencyCheck$AndroidXDisabledJetifierDisabled.execute(AndroidXDependencyCheck.kt:40)
	at org.gradle.internal.code.DefaultUserCodeApplicationContext$CurrentApplication$1.execute(DefaultUserCodeApplicationContext.java:124)
	at org.gradle.internal.event.BroadcastDispatch$ActionInvocationHandler.dispatch(BroadcastDispatch.java:99)
	at org.gradle.internal.event.BroadcastDispatch$ActionInvocationHandler.dispatch(BroadcastDispatch.java:87)
	at org.gradle.internal.event.AbstractBroadcastDispatch.dispatch(AbstractBroadcastDispatch.java:44)
	at org.gradle.internal.event.BroadcastDispatch$SingletonDispatch.dispatch(BroadcastDispatch.java:268)
	at org.gradle.internal.event.BroadcastDispatch$SingletonDispatch.dispatch(BroadcastDispatch.java:170)
	at org.gradle.internal.event.AbstractBroadcastDispatch.dispatch(AbstractBroadcastDispatch.java:84)
	at org.gradle.internal.event.AbstractBroadcastDispatch.dispatch(AbstractBroadcastDispatch.java:70)
	at org.gradle.internal.event.BroadcastDispatch$CompositeDispatch.dispatch(BroadcastDispatch.java:380)
	at org.gradle.internal.event.BroadcastDispatch$CompositeDispatch.dispatch(BroadcastDispatch.java:272)
	at org.gradle.internal.event.ListenerBroadcast.dispatch(ListenerBroadcast.java:148)
	at org.gradle.internal.event.ListenerBroadcast.dispatch(ListenerBroadcast.java:37)
	at org.gradle.internal.dispatch.ProxyDispatchAdapter$DispatchingInvocationHandler.invoke(ProxyDispatchAdapter.java:92)
	at jdk.proxy1/jdk.proxy1.$Proxy68.afterResolve(Unknown Source)
	at org.gradle.api.internal.artifacts.configurations.DefaultConfiguration$1.call(DefaultConfiguration.java:805)
	at org.gradle.api.internal.artifacts.configurations.DefaultConfiguration$1.call(DefaultConfiguration.java:782)
	at org.gradle.internal.operations.DefaultBuildOperationRunner$CallableBuildOperationWorker.execute(DefaultBuildOperationRunner.java:209)
	at org.gradle.internal.operations.DefaultBuildOperationRunner$CallableBuildOperationWorker.execute(DefaultBuildOperationRunner.java:204)
	at org.gradle.internal.operations.DefaultBuildOperationRunner$2.execute(DefaultBuildOperationRunner.java:66)
	at org.gradle.internal.operations.DefaultBuildOperationRunner$2.execute(DefaultBuildOperationRunner.java:59)
	at org.gradle.internal.operations.DefaultBuildOperationRunner.execute(DefaultBuildOperationRunner.java:166)
	at org.gradle.internal.operations.DefaultBuildOperationRunner.execute(DefaultBuildOperationRunner.java:59)
	at org.gradle.internal.operations.DefaultBuildOperationRunner.call(DefaultBuildOperationRunner.java:53)
	at org.gradle.api.internal.artifacts.configurations.DefaultConfiguration.resolveGraphInBuildOperation(DefaultConfiguration.java:782)
	at org.gradle.api.internal.artifacts.configurations.DefaultConfiguration.lambda$resolveExclusivelyIfRequired$5(DefaultConfiguration.java:774)
	at org.gradle.api.internal.project.DefaultProjectStateRegistry$CalculatedModelValueImpl.update(DefaultProjectStateRegistry.java:505)
	at org.gradle.api.internal.artifacts.configurations.DefaultConfiguration.resolveExclusivelyIfRequired(DefaultConfiguration.java:769)
	at org.gradle.api.internal.artifacts.configurations.DefaultConfiguration.resolveGraphIfRequired(DefaultConfiguration.java:762)
	at org.gradle.api.internal.artifacts.configurations.DefaultConfiguration.access$1200(DefaultConfiguration.java:161)
	at org.gradle.api.internal.artifacts.configurations.DefaultConfiguration$ResolverResultsResolutionResultProvider.getValue(DefaultConfiguration.java:736)
	at org.gradle.api.internal.artifacts.configurations.DefaultConfiguration$ResolverResultsResolutionResultProvider.getValue(DefaultConfiguration.java:697)
	at org.gradle.api.internal.artifacts.configurations.ResolutionResultProvider$1.getValue(ResolutionResultProvider.java:53)
	at org.gradle.api.internal.artifacts.configurations.ResolutionBackedFileCollection.getSelectedArtifacts(ResolutionBackedFileCollection.java:95)
	at org.gradle.api.internal.artifacts.configurations.ResolutionBackedFileCollection.visitContents(ResolutionBackedFileCollection.java:73)
	at org.gradle.api.internal.file.AbstractFileCollection.visitStructure(AbstractFileCollection.java:360)
	at org.gradle.api.internal.file.CompositeFileCollection.lambda$visitContents$0(CompositeFileCollection.java:113)
	at org.gradle.api.internal.file.collections.UnpackingVisitor.add(UnpackingVisitor.java:67)
	at org.gradle.api.internal.file.collections.UnpackingVisitor.add(UnpackingVisitor.java:92)
	at org.gradle.api.internal.file.DefaultFileCollectionFactory$ResolvingFileCollection.visitChildren(DefaultFileCollectionFactory.java:306)
	at org.gradle.api.internal.file.CompositeFileCollection.visitContents(CompositeFileCollection.java:113)
	at org.gradle.api.internal.file.AbstractFileCollection.visitStructure(AbstractFileCollection.java:360)
	at org.gradle.api.internal.file.CompositeFileCollection.lambda$visitContents$0(CompositeFileCollection.java:113)
	at org.gradle.api.internal.tasks.PropertyFileCollection.visitChildren(PropertyFileCollection.java:48)
	at org.gradle.api.internal.file.CompositeFileCollection.visitContents(CompositeFileCollection.java:113)
	at org.gradle.api.internal.file.AbstractFileCollection.visitStructure(AbstractFileCollection.java:360)
	at org.gradle.internal.fingerprint.impl.DefaultFileCollectionSnapshotter.snapshot(DefaultFileCollectionSnapshotter.java:47)
	at org.gradle.internal.execution.impl.DefaultInputFingerprinter$InputCollectingVisitor.visitInputFileProperty(DefaultInputFingerprinter.java:133)
	at org.gradle.api.internal.tasks.execution.TaskExecution.visitRegularInputs(TaskExecution.java:324)
	at org.gradle.internal.execution.impl.DefaultInputFingerprinter.fingerprintInputProperties(DefaultInputFingerprinter.java:63)
	at org.gradle.internal.execution.steps.AbstractCaptureStateBeforeExecutionStep.captureExecutionStateWithOutputs(AbstractCaptureStateBeforeExecutionStep.java:109)
	at org.gradle.internal.execution.steps.AbstractCaptureStateBeforeExecutionStep.lambda$captureExecutionState$0(AbstractCaptureStateBeforeExecutionStep.java:74)
	at org.gradle.internal.execution.steps.BuildOperationStep$1.call(BuildOperationStep.java:37)
	at org.gradle.internal.operations.DefaultBuildOperationRunner$CallableBuildOperationWorker.execute(DefaultBuildOperationRunner.java:209)
	at org.gradle.internal.operations.DefaultBuildOperationRunner$CallableBuildOperationWorker.execute(DefaultBuildOperationRunner.java:204)
	at org.gradle.internal.operations.DefaultBuildOperationRunner$2.execute(DefaultBuildOperationRunner.java:66)
	at org.gradle.internal.operations.DefaultBuildOperationRunner$2.execute(DefaultBuildOperationRunner.java:59)
	at org.gradle.internal.operations.DefaultBuildOperationRunner.execute(DefaultBuildOperationRunner.java:166)
	at org.gradle.internal.operations.DefaultBuildOperationRunner.execute(DefaultBuildOperationRunner.java:59)
	at org.gradle.internal.operations.DefaultBuildOperationRunner.call(DefaultBuildOperationRunner.java:53)
	at org.gradle.internal.execution.steps.BuildOperationStep.operation(BuildOperationStep.java:34)
	at org.gradle.internal.execution.steps.AbstractCaptureStateBeforeExecutionStep.captureExecutionState(AbstractCaptureStateBeforeExecutionStep.java:69)
	at org.gradle.internal.execution.steps.AbstractCaptureStateBeforeExecutionStep.execute(AbstractCaptureStateBeforeExecutionStep.java:62)
	at org.gradle.internal.execution.steps.AbstractCaptureStateBeforeExecutionStep.execute(AbstractCaptureStateBeforeExecutionStep.java:43)
	at org.gradle.internal.execution.steps.AbstractSkipEmptyWorkStep.executeWithNonEmptySources(AbstractSkipEmptyWorkStep.java:125)
	at org.gradle.internal.execution.steps.AbstractSkipEmptyWorkStep.execute(AbstractSkipEmptyWorkStep.java:56)
	at org.gradle.internal.execution.steps.AbstractSkipEmptyWorkStep.execute(AbstractSkipEmptyWorkStep.java:36)
	at org.gradle.internal.execution.steps.legacy.MarkSnapshottingInputsStartedStep.execute(MarkSnapshottingInputsStartedStep.java:38)
	at org.gradle.internal.execution.steps.LoadPreviousExecutionStateStep.execute(LoadPreviousExecutionStateStep.java:36)
	at org.gradle.internal.execution.steps.LoadPreviousExecutionStateStep.execute(LoadPreviousExecutionStateStep.java:23)
	at org.gradle.internal.execution.steps.HandleStaleOutputsStep.execute(HandleStaleOutputsStep.java:75)
	at org.gradle.internal.execution.steps.HandleStaleOutputsStep.execute(HandleStaleOutputsStep.java:41)
	at org.gradle.internal.execution.steps.AssignMutableWorkspaceStep.lambda$execute$0(AssignMutableWorkspaceStep.java:35)
	at org.gradle.api.internal.tasks.execution.TaskExecution$4.withWorkspace(TaskExecution.java:289)
	at org.gradle.internal.execution.steps.AssignMutableWorkspaceStep.execute(AssignMutableWorkspaceStep.java:31)
	at org.gradle.internal.execution.steps.AssignMutableWorkspaceStep.execute(AssignMutableWorkspaceStep.java:22)
	at org.gradle.internal.execution.steps.ChoosePipelineStep.execute(ChoosePipelineStep.java:40)
	at org.gradle.internal.execution.steps.ChoosePipelineStep.execute(ChoosePipelineStep.java:23)
	at org.gradle.internal.execution.steps.ExecuteWorkBuildOperationFiringStep.lambda$execute$2(ExecuteWorkBuildOperationFiringStep.java:67)
	at org.gradle.internal.execution.steps.ExecuteWorkBuildOperationFiringStep.execute(ExecuteWorkBuildOperationFiringStep.java:67)
	at org.gradle.internal.execution.steps.ExecuteWorkBuildOperationFiringStep.execute(ExecuteWorkBuildOperationFiringStep.java:39)
	at org.gradle.internal.execution.steps.IdentityCacheStep.execute(IdentityCacheStep.java:46)
	at org.gradle.internal.execution.steps.IdentityCacheStep.execute(IdentityCacheStep.java:34)
	at org.gradle.internal.execution.steps.IdentifyStep.execute(IdentifyStep.java:48)
	at org.gradle.internal.execution.steps.IdentifyStep.execute(IdentifyStep.java:35)
	at org.gradle.internal.execution.impl.DefaultExecutionEngine$1.execute(DefaultExecutionEngine.java:61)
	at org.gradle.api.internal.tasks.execution.ExecuteActionsTaskExecuter.executeIfValid(ExecuteActionsTaskExecuter.java:127)
	at org.gradle.api.internal.tasks.execution.ExecuteActionsTaskExecuter.execute(ExecuteActionsTaskExecuter.java:116)
	at org.gradle.api.internal.tasks.execution.FinalizePropertiesTaskExecuter.execute(FinalizePropertiesTaskExecuter.java:46)
	at org.gradle.api.internal.tasks.execution.ResolveTaskExecutionModeExecuter.execute(ResolveTaskExecutionModeExecuter.java:51)
	at org.gradle.api.internal.tasks.execution.SkipTaskWithNoActionsExecuter.execute(SkipTaskWithNoActionsExecuter.java:57)
	at org.gradle.api.internal.tasks.execution.SkipOnlyIfTaskExecuter.execute(SkipOnlyIfTaskExecuter.java:74)
	at org.gradle.api.internal.tasks.execution.CatchExceptionTaskExecuter.execute(CatchExceptionTaskExecuter.java:36)
	at org.gradle.api.internal.tasks.execution.EventFiringTaskExecuter$1.executeTask(EventFiringTaskExecuter.java:77)
	at org.gradle.api.internal.tasks.execution.EventFiringTaskExecuter$1.call(EventFiringTaskExecuter.java:55)
	at org.gradle.api.internal.tasks.execution.EventFiringTaskExecuter$1.call(EventFiringTaskExecuter.java:52)
	at org.gradle.internal.operations.DefaultBuildOperationRunner$CallableBuildOperationWorker.execute(DefaultBuildOperationRunner.java:209)
	at org.gradle.internal.operations.DefaultBuildOperationRunner$CallableBuildOperationWorker.execute(DefaultBuildOperationRunner.java:204)
	at org.gradle.internal.operations.DefaultBuildOperationRunner$2.execute(DefaultBuildOperationRunner.java:66)
	at org.gradle.internal.operations.DefaultBuildOperationRunner$2.execute(DefaultBuildOperationRunner.java:59)
	at org.gradle.internal.operations.DefaultBuildOperationRunner.execute(DefaultBuildOperationRunner.java:166)
	at org.gradle.internal.operations.DefaultBuildOperationRunner.execute(DefaultBuildOperationRunner.java:59)
	at org.gradle.internal.operations.DefaultBuildOperationRunner.call(DefaultBuildOperationRunner.java:53)
	at org.gradle.api.internal.tasks.execution.EventFiringTaskExecuter.execute(EventFiringTaskExecuter.java:52)
	at org.gradle.execution.plan.LocalTaskNodeExecutor.execute(LocalTaskNodeExecutor.java:42)
	at org.gradle.execution.taskgraph.DefaultTaskExecutionGraph$InvokeNodeExecutorsAction.execute(DefaultTaskExecutionGraph.java:331)
	at org.gradle.execution.taskgraph.DefaultTaskExecutionGraph$InvokeNodeExecutorsAction.execute(DefaultTaskExecutionGraph.java:318)
	at org.gradle.execution.taskgraph.DefaultTaskExecutionGraph$BuildOperationAwareExecutionAction.lambda$execute$0(DefaultTaskExecutionGraph.java:314)
	at org.gradle.internal.operations.CurrentBuildOperationRef.with(CurrentBuildOperationRef.java:85)
	at org.gradle.execution.taskgraph.DefaultTaskExecutionGraph$BuildOperationAwareExecutionAction.execute(DefaultTaskExecutionGraph.java:314)
	at org.gradle.execution.taskgraph.DefaultTaskExecutionGraph$BuildOperationAwareExecutionAction.execute(DefaultTaskExecutionGraph.java:303)
	at org.gradle.execution.plan.DefaultPlanExecutor$ExecutorWorker.execute(DefaultPlanExecutor.java:459)
	at org.gradle.execution.plan.DefaultPlanExecutor$ExecutorWorker.run(DefaultPlanExecutor.java:376)
	at org.gradle.internal.concurrent.ExecutorPolicy$CatchAndRecordFailures.onExecute(ExecutorPolicy.java:64)
	at org.gradle.internal.concurrent.AbstractManagedExecutor$1.run(AbstractManagedExecutor.java:48)


BUILD FAILED in 28s
4 actionable tasks: 4 executed
